scenario,seed,start_step,end_step,start_time_s,end_time_s,duration_s,attribution_state,candidate_state,d_sm,d_sa,d_ma,filtered_d_sm,filtered_d_sa,filtered_d_ma,c3_requested_entry,c3_candidate_samples,c4_suppressed_entry,suppressed_candidate_samples,auxiliary_trusted_fraction,auxiliary_trust_reason,selected_source,selected_source_code,attribution_ms_mean
load_disturbance,19026,20,157,0.2,1.57,1.3800000000000001,AMBIGUOUS,AMBIGUOUS,0.22821870106534678,3.3658929292263955,3.3746010983739563,0.054827397703995646,1.2768480562123155,1.2556034192574903,False,0,False,0,0.057971014492753624,STARTUP_BLANKING,PHYSICAL,0,0.03563695653334118
load_disturbance,19026,158,212,1.58,2.12,0.55,NORMAL,NORMAL,0.1923759029969295,0.8039772098417799,0.8105323195149715,0.15742924815576825,0.8946293487681832,0.8944313691931002,False,0,False,0,1.0,READY,PHYSICAL,0,0.054518181687771256
load_disturbance,19026,213,219,2.13,2.19,0.07,AMBIGUOUS,NORMAL,0.22068832885650685,0.27020878020112754,0.1482735803949861,0.19457377856168895,0.737111969865753,0.7330754884336501,False,0,False,0,1.0,READY,PHYSICAL,0,0.04560000005377723
load_disturbance,19026,220,263,2.2,2.63,0.44,NORMAL,NORMAL,0.20635546269955832,0.35173659626886594,0.32479004206158346,0.1902224749873758,0.480846027466874,0.46307357565895496,False,0,False,0,1.0,READY,PHYSICAL,0,0.05524318182572394
load_disturbance,19026,264,269,2.64,2.69,0.06,AMBIGUOUS,NORMAL,0.19909688833268527,0.267685145524099,0.23776089627625532,0.23099338182815568,0.34440748378479324,0.3089678975226507,False,0,False,0,1.0,READY,PHYSICAL,0,0.050150000788562465
load_disturbance,19026,270,300,2.7,3.0,0.31,NORMAL,NORMAL,0.23118773311984667,0.25679416127258015,0.21089757784913407,0.21783984170377874,0.29666394703045457,0.251206321807783,False,0,False,0,1.0,READY,PHYSICAL,0,0.07666774188457508
load_disturbance,19026,301,315,3.0100000000000002,3.15,0.15,AMBIGUOUS,NORMAL,0.32406440210484677,0.9642262853839493,0.7771610683383144,0.28308824158497664,0.47599092425142114,0.3793298304587357,False,0,False,0,1.0,READY,PHYSICAL,0,0.08204666640570697
load_disturbance,19026,316,332,3.16,3.3200000000000003,0.17,NORMAL,NORMAL,0.24883133847793334,1.0717060340469715,1.0010108306289638,0.2606555547483714,0.8628562285971664,0.7659604285285457,False,0,False,0,1.0,READY,PHYSICAL,0,0.07769999993958182
load_disturbance,19026,333,345,3.33,3.45,0.13,AMBIGUOUS,NORMAL,0.22178578148764344,0.7308760266489844,0.7004489581250953,0.25923464726914947,0.7349052978591548,0.6698930753929655,False,0,False,0,1.0,READY,PHYSICAL,0,0.04469230757072532
load_disturbance,19026,346,393,3.46,3.93,0.48,NORMAL,NORMAL,0.20936861856816572,1.2445822242116213,1.1711276956972165,0.21706635287897771,1.1953735172906488,1.1175174064861548,False,0,False,0,1.0,READY,PHYSICAL,0,0.06338541694124918
load_disturbance,19026,394,398,3.94,3.98,0.05,AMBIGUOUS,NORMAL,0.18152270093293765,0.9268052914689975,0.8087525376253282,0.2250965869163471,0.9676060020165187,0.893124603746565,False,0,False,0,1.0,READY,PHYSICAL,0,0.047679999988758937
load_disturbance,19026,399,436,3.99,4.36,0.38,NORMAL,NORMAL,0.20560773476479674,0.9370474234359282,0.8643195403331246,0.20902407159107383,0.9577682388877019,0.878421553667601,False,0,False,0,1.0,READY,PHYSICAL,0,0.05472368406787466
load_disturbance,19026,437,472,4.37,4.72,0.36,AMBIGUOUS,NORMAL,0.2643326215461836,0.8886360526124708,0.7883435792337123,0.2468465195617731,0.9226025217576262,0.8373657820265415,False,0,False,0,1.0,READY,PHYSICAL,0,0.05046111138856051
load_disturbance,19026,473,509,4.73,5.09,0.37,NORMAL,NORMAL,0.21679424560062904,0.97334898480011,0.9114885376013907,0.21489654551559215,0.9532063705181768,0.8717471917234962,False,0,False,0,1.0,READY,PHYSICAL,0,0.060559459401505394
load_disturbance,19026,510,520,5.1000000000000005,5.2,0.11,AMBIGUOUS,NORMAL,0.2889441530729135,1.1217179875053225,0.9141095177826647,0.2613479529457151,0.9390014375208431,0.839317497899259,False,0,False,0,1.0,READY,PHYSICAL,0,0.07498181813306556
load_disturbance,19026,521,575,5.21,5.75,0.55,NORMAL,NORMAL,0.2769462802851773,0.9034974501822497,0.8279160409575556,0.272285741623082,0.9301306033035458,0.8498779774646427,False,0,False,0,1.0,READY,PHYSICAL,0,0.06763272719002668
load_disturbance,19026,576,582,5.76,5.82,0.07,AMBIGUOUS,NORMAL,0.293350840435436,0.9768749319683921,0.8426671511507889,0.2800352171213673,0.9196010291000303,0.8217476056186582,False,0,False,0,1.0,READY,PHYSICAL,0,0.06417142867576331
load_disturbance,19026,583,600,5.83,6.0,0.18,NORMAL,NORMAL,0.2046556776570792,1.1451510588375322,1.0771724935128784,0.23837262580544674,1.0229786898446749,0.9495832252328259,False,0,False,0,1.0,READY,PHYSICAL,0,0.06907222208004289
load_disturbance,19027,20,159,0.2,1.59,1.4000000000000001,AMBIGUOUS,AMBIGUOUS,0.22102339381544375,3.371098208572048,3.37310745294932,0.09498203823510282,1.376905619659116,1.3395803337673218,False,0,False,0,0.07142857142857142,STARTUP_BLANKING,PHYSICAL,0,0.03277999990781869
load_disturbance,19027,160,227,1.6,2.27,0.68,NORMAL,NORMAL,0.26484497881645835,0.8719806757865067,0.8560770457812932,0.22219143517876624,1.0009319606530052,0.9853645261115989,False,0,False,0,1.0,READY,PHYSICAL,0,0.06107205886377522
load_disturbance,19027,228,242,2.2800000000000002,2.42,0.15,AMBIGUOUS,NORMAL,0.2109292301399743,0.3007604161544961,0.33693056086143874,0.26121577500669957,0.58847455104157,0.5650595094313658,False,0,False,0,1.0,READY,PHYSICAL,0,0.052180000056978315
load_disturbance,19027,243,275,2.43,2.75,0.33,NORMAL,NORMAL,0.22108735287557318,0.4415131342000298,0.4383017062226384,0.22268364834645613,0.4401081088263854,0.4411976748358726,False,0,False,0,1.0,READY,PHYSICAL,0,0.06550303034159835
load_disturbance,19027,276,285,2.7600000000000002,2.85,0.1,AMBIGUOUS,NORMAL,0.28750539691985466,0.6043514089040031,0.6111530755974754,0.25374635923605265,0.5053184326906791,0.5085304330317866,False,0,False,0,1.0,READY,PHYSICAL,0,0.07807999973010737
load_disturbance,19027,286,299,2.86,2.99,0.14,NORMAL,NORMAL,0.21194585950877404,0.2893289466998625,0.2253725349372786,0.22594683344916075,0.45304470141605485,0.43790754045630303,False,0,False,0,1.0,READY,PHYSICAL,0,0.06237142861209577
load_disturbance,19027,300,325,3.0,3.25,0.26,AMBIGUOUS,NORMAL,0.2733154601081465,1.2453988794643331,1.0906605880018534,0.26198280826979253,0.7380139152474705,0.6271613971833176,False,0,False,0,1.0,READY,PHYSICAL,0,0.06469230755521074
load_disturbance,19027,326,392,3.2600000000000002,3.92,0.67,NORMAL,NORMAL,0.2583553790581493,1.3207408294638592,1.2579254244471447,0.25106979079543384,1.2322422310631118,1.1720028535957263,False,0,False,0,1.0,READY,PHYSICAL,0,0.06558208962760817
load_disturbance,19027,393,397,3.93,3.97,0.05,AMBIGUOUS,NORMAL,0.2390722789441952,0.6354913134784297,0.8135382507978548,0.2800399850306846,1.3041056619295663,1.2407023884168922,False,0,False,0,1.0,READY,PHYSICAL,0,0.0421799995820038
load_disturbance,19027,398,432,3.98,4.32,0.35000000000000003,NORMAL,NORMAL,0.2304987720946733,0.9729592579560247,0.8587268264419953,0.2498820657001269,1.0715726703138853,0.991712695020743,False,0,False,0,1.0,READY,PHYSICAL,0,0.06486000004640248
load_disturbance,19027,433,447,4.33,4.47,0.15,AMBIGUOUS,NORMAL,0.23053770799176665,1.1368315100772686,1.0809327309863694,0.2500274650480047,1.0732792592054317,0.9869300552291693,False,0,False,0,1.0,READY,PHYSICAL,0,0.05927333356036494
load_disturbance,19027,448,508,4.48,5.08,0.61,NORMAL,NORMAL,0.24164487876338872,0.8868638144236136,0.7993966909952765,0.23183568458188455,0.9394498199355265,0.8601268052650455,False,0,False,0,1.0,READY,PHYSICAL,0,0.05938360661022044
load_disturbance,19027,509,538,5.09,5.38,0.3,AMBIGUOUS,AMBIGUOUS,0.32238659039564654,1.0217211061610516,0.9605160329837027,0.2957472464299881,1.0085872995996152,0.9234170677692188,False,0,False,0,1.0,READY,PHYSICAL,0,0.06781666664513371
load_disturbance,19027,539,548,5.39,5.48,0.1,NORMAL,NORMAL,0.39176348592390864,0.9251507222903577,0.6529139523014102,0.3170092618042628,0.9212659612853079,0.7992807706704064,True,2,False,0,1.0,READY,PHYSICAL,0,0.04169000021647662
load_disturbance,19027,549,600,5.49,6.0,0.52,AMBIGUOUS,AMBIGUOUS,0.2247070766529418,1.0620123509149557,1.0168464297757,,,,False,5,False,0,0.0,INSUFFICIENT_TRUSTED_HISTORY,PHYSICAL,0,0.03333269251015736
load_disturbance,19028,20,156,0.2,1.56,1.37,AMBIGUOUS,AMBIGUOUS,0.23037857493618835,3.5394522626613423,3.53707060986629,0.05212898701847736,1.7892415148747636,1.8371459586010261,False,0,False,0,0.051094890510948905,STARTUP_BLANKING,PHYSICAL,0,0.03243430659574725
load_disturbance,19028,157,168,1.57,1.68,0.12,NORMAL,NORMAL,0.2884737672114082,0.9548060602432275,0.9267382635483798,0.12168639458962767,1.393496482023114,1.4163083078818726,False,0,False,0,1.0,READY,PHYSICAL,0,0.05794999939704818
load_disturbance,19028,169,182,1.69,1.82,0.14,AMBIGUOUS,NORMAL,0.23808088914590136,2.0756802132802465,2.039179941565167,0.1978270720445345,1.5477250645925287,1.5554600048056897,False,0,False,0,1.0,READY,PHYSICAL,0,0.051628571002636035
load_disturbance,19028,183,232,1.83,2.32,0.5,NORMAL,NORMAL,0.20686461650238486,1.0441054851866347,1.0818162905933315,0.19707793139582586,1.3379918662590526,1.355228007760375,False,0,False,0,1.0,READY,PHYSICAL,0,0.05529000012757024
load_disturbance,19028,233,252,2.33,2.52,0.2,AMBIGUOUS,NORMAL,0.27024748250630387,0.5706534882628883,0.5559264053885485,0.24762597972767297,0.7864270363268727,0.8059794769214188,False,0,False,0,1.0,READY,PHYSICAL,0,0.05282499987515621
load_disturbance,19028,253,278,2.5300000000000002,2.7800000000000002,0.26,NORMAL,NORMAL,0.26411294357747295,0.27380721028223604,0.21963701891655363,0.23999263156681352,0.512840812642797,0.4985572225001773,False,0,False,0,1.0,READY,PHYSICAL,0,0.05566923097761061
load_disturbance,19028,279,292,2.79,2.92,0.14,AMBIGUOUS,NORMAL,0.21680775601840555,0.5232115584492456,0.5077421420833365,0.27623428337742595,0.4156219168321279,0.36537923918215587,False,0,False,0,1.0,READY,PHYSICAL,0,0.04954999946806181
load_disturbance,19028,293,320,2.93,3.2,0.28,NORMAL,NORMAL,0.3095156520302687,0.9683765592981238,0.8614440455485285,0.26516687373734554,0.6186047533302365,0.5714150485259906,False,0,False,0,1.0,READY,PHYSICAL,0,0.04813928580915672
load_disturbance,19028,321,359,3.21,3.59,0.39,AMBIGUOUS,NORMAL,0.27335342110679417,0.8792745341608899,0.8612448067951818,0.29665079191668503,0.8537818941822676,0.80247053081763,False,0,False,0,1.0,READY,PHYSICAL,0,0.05567435917514675
load_disturbance,19028,360,454,3.6,4.54,0.9500000000000001,NORMAL,NORMAL,0.24606955849377138,1.3621038519518993,1.2780575890796118,0.24520911011179466,1.3442344628989773,1.2698066583996341,False,0,False,0,1.0,READY,PHYSICAL,0,0.05025578958386751
load_disturbance,19028,455,475,4.55,4.75,0.21,AMBIGUOUS,NORMAL,0.26754676805422,0.9195478582400265,0.8724603713033738,0.27566435468259753,1.0994959892719327,1.0214290283542216,False,0,False,0,1.0,READY,PHYSICAL,0,0.05489047613255458
load_disturbance,19028,476,518,4.76,5.18,0.43,NORMAL,NORMAL,0.22612822777001962,0.9381747347275163,0.839723706963952,0.23516843286819622,0.9544812449234874,0.8734245196976123,False,0,False,0,1.0,READY,PHYSICAL,0,0.047627907025703596
load_disturbance,19028,519,566,5.19,5.66,0.48,AMBIGUOUS,NORMAL,0.23008619930602636,0.9522692113009518,0.8802447542750703,0.23654288772955198,0.9388486890983181,0.8563764657343377,False,0,False,0,1.0,READY,PHYSICAL,0,0.05220416676365858
load_disturbance,19028,567,592,5.67,5.92,0.26,NORMAL,NORMAL,0.23805918765350334,0.7873242586783221,0.6689435736636474,0.2308117432397308,0.8807432311131819,0.7969792888368621,False,0,False,0,1.0,READY,PHYSICAL,0,0.0518500001607418
load_disturbance,19028,593,600,5.93,6.0,0.08,AMBIGUOUS,NORMAL,0.2261475923887728,0.9765701594965872,0.9411543713217787,0.22635595459735294,0.8191564267459628,0.7284168230582918,False,0,False,0,1.0,READY,PHYSICAL,0,0.042199999597869464
load_disturbance,19029,20,153,0.2,1.53,1.34,AMBIGUOUS,AMBIGUOUS,0.22558376922301138,3.5946063578371574,3.6043288940337663,0.16395213257109548,1.5227618999878918,1.6867140325589878,False,0,False,0,0.029850746268656716,STARTUP_BLANKING,PHYSICAL,0,0.031801492492485886
load_disturbance,19029,154,174,1.54,1.74,0.21,NORMAL,NORMAL,0.2840434915749044,1.100657931529065,0.9890273679591162,0.2225675063808128,1.2147659863418316,1.2547671685904076,False,0,False,0,1.0,READY,PHYSICAL,0,0.04833809509277455
load_disturbance,19029,175,181,1.75,1.81,0.07,AMBIGUOUS,NORMAL,0.23557939991072832,2.07776985270975,2.201068014684705,0.23911876833740178,1.5106380856294173,1.5314967345028752,False,0,False,0,1.0,READY,PHYSICAL,0,0.042714285622683486
load_disturbance,19029,182,272,1.82,2.72,0.91,NORMAL,NORMAL,0.2251587334476038,0.8158048250611282,0.7810417496524286,0.22253064187218458,1.0333504741612163,1.010800037302075,False,0,False,0,1.0,READY,PHYSICAL,0,0.049462637364810616
load_disturbance,19029,273,278,2.73,2.7800000000000002,0.06,AMBIGUOUS,NORMAL,0.17807391867225184,0.6421589321283735,0.643771215234692,0.24136079149242518,0.5408505477654939,0.5162005469498782,False,0,False,0,1.0,READY,PHYSICAL,0,0.05758333342479697
load_disturbance,19029,279,293,2.79,2.93,0.15,NORMAL,NORMAL,0.21092280588030027,0.21138469246835806,0.15559954910730955,0.21160519915276485,0.4312121022473617,0.40096505347876993,False,0,False,0,1.0,READY,PHYSICAL,0,0.04391999997703048
load_disturbance,19029,294,298,2.94,2.98,0.05,AMBIGUOUS,NORMAL,0.24257545019053026,0.33007637194333767,0.27569796638031363,0.22947709671419822,0.3685105152962857,0.32862200437095623,False,0,False,0,1.0,READY,PHYSICAL,0,0.05793999989691656
load_disturbance,19029,299,410,2.99,4.1,1.12,NORMAL,NORMAL,0.23734128378981076,1.1412167537598796,1.045609381545973,0.23341967451203474,1.0421032196297435,0.9542850795825313,False,0,False,0,1.0,READY,PHYSICAL,0,0.05153125000236157
load_disturbance,19029,411,419,4.11,4.19,0.09,AMBIGUOUS,NORMAL,0.2628129441373059,1.2936506682148243,1.2198091139499614,0.26877939978923976,1.026707452160508,0.9366037714759595,False,0,False,0,1.0,READY,PHYSICAL,0,0.05933333320879481
load_disturbance,19029,420,438,4.2,4.38,0.19,NORMAL,NORMAL,0.29564694246246187,1.0039268411258517,0.8702766256435743,0.23858325885609144,1.049499541812566,0.9697323745347348,True,2,False,0,1.0,READY,PHYSICAL,0,0.05105263172529368
load_disturbance,19029,439,600,4.39,6.0,1.62,AMBIGUOUS,AMBIGUOUS,2.109167492545412,1.466065060135562,0.8699504690495992,0.3057578311221089,1.0147881985514562,0.869001471174896,True,162,False,0,0.006172839506172839,INSUFFICIENT_TRUSTED_HISTORY,AUX_VIRTUAL,2,0.034946296283225015
load_disturbance,19030,20,153,0.2,1.53,1.34,AMBIGUOUS,AMBIGUOUS,0.2465554158833578,3.5888823539769503,3.589721312131554,0.15145733040814022,1.4528991819903174,1.5802005001588564,False,0,False,0,0.029850746268656716,STARTUP_BLANKING,PHYSICAL,0,0.032478358254810526
load_disturbance,19030,154,270,1.54,2.7,1.17,NORMAL,NORMAL,0.2165070137945643,0.8868940436783365,0.8662808411452393,0.1975477778179568,1.0243729658594307,1.0266252949094856,False,0,False,0,1.0,READY,PHYSICAL,0,0.056924786361214966
load_disturbance,19030,271,280,2.71,2.8000000000000003,0.1,AMBIGUOUS,NORMAL,0.1603664069389275,0.8985534256074488,0.9051416493568034,0.2456385788235072,0.6430805917528927,0.6221613882283834,False,0,False,0,1.0,READY,PHYSICAL,0,0.06086000030336436
load_disturbance,19030,281,357,2.81,3.5700000000000003,0.77,NORMAL,NORMAL,0.23456815644528267,0.8676636117854073,0.7658830518674573,0.2277726951067174,0.7581808951380197,0.6820709231542536,False,0,False,0,1.0,READY,PHYSICAL,0,0.04927922052413666
load_disturbance,19030,358,367,3.58,3.67,0.1,AMBIGUOUS,NORMAL,0.27689382687152175,1.8651193595796194,1.8152982853536095,0.26350090110969226,1.303246230056763,1.2020177421838674,False,0,False,0,1.0,READY,PHYSICAL,0,0.08452999991277466
load_disturbance,19030,368,385,3.68,3.85,0.18,NORMAL,NORMAL,0.32313984989565486,1.2685213284989527,1.126962976727829,0.2719511113121249,1.4325855373182976,1.347073930704279,True,2,False,0,1.0,READY,PHYSICAL,0,0.05241666692907327
load_disturbance,19030,386,450,3.86,4.5,0.65,AMBIGUOUS,AMBIGUOUS,0.17398646980489693,1.0943123187948354,1.0062521620993943,0.20311365675851514,1.6689760222761159,1.4874796242875927,False,5,False,0,0.15384615384615385,INSUFFICIENT_TRUSTED_HISTORY,PHYSICAL,0,0.034507692152356655
load_disturbance,19030,451,526,4.51,5.26,0.76,NORMAL,NORMAL,0.2087159039057576,0.9067656443688094,0.8187685524540366,0.19655956377203684,1.0480352164704594,0.9474071148369484,False,0,False,0,1.0,READY,PHYSICAL,0,0.05628421049071843
load_disturbance,19030,527,550,5.2700000000000005,5.5,0.24,AMBIGUOUS,NORMAL,0.24349408058925004,0.8811777338676366,0.823060717859124,0.26035964161580716,0.9580354597550124,0.8761368880919327,False,0,False,0,1.0,READY,PHYSICAL,0,0.04682499995093773
load_disturbance,19030,551,600,5.51,6.0,0.5,NORMAL,NORMAL,0.21996577097708042,0.9617432829908433,0.8763369367983025,0.22322997758031693,0.9725016825619264,0.8939860682854314,False,0,False,0,1.0,READY,PHYSICAL,0,0.053981999881216325
combined_fault_load,19026,20,157,0.2,1.57,1.3800000000000001,AMBIGUOUS,AMBIGUOUS,0.22821870106534678,3.3658929292263955,3.3746010983739563,0.054827397703995646,1.2768480562123155,1.2556034192574903,False,0,False,0,0.057971014492753624,STARTUP_BLANKING,PHYSICAL,0,0.03177101455324758
combined_fault_load,19026,158,212,1.58,2.12,0.55,NORMAL,NORMAL,0.1923759029969295,0.8039772098417799,0.8105323195149715,0.15742924815576825,0.8946293487681832,0.8944313691931002,False,0,False,0,1.0,READY,PHYSICAL,0,0.0558690906803928
combined_fault_load,19026,213,219,2.13,2.19,0.07,AMBIGUOUS,NORMAL,0.22068832885650685,0.27020878020112754,0.1482735803949861,0.19457377856168895,0.737111969865753,0.7330754884336501,False,0,False,0,1.0,READY,PHYSICAL,0,0.04348571461118159
combined_fault_load,19026,220,263,2.2,2.63,0.44,NORMAL,NORMAL,0.20635546269955832,0.35173659626886594,0.32479004206158346,0.1902224749873758,0.480846027466874,0.46307357565895496,False,0,False,0,1.0,READY,PHYSICAL,0,0.0583454544456882
combined_fault_load,19026,264,269,2.64,2.69,0.06,AMBIGUOUS,NORMAL,0.19909688833268527,0.267685145524099,0.23776089627625532,0.23099338182815568,0.34440748378479324,0.3089678975226507,False,0,False,0,1.0,READY,PHYSICAL,0,0.05293333348769617
combined_fault_load,19026,270,300,2.7,3.0,0.31,NORMAL,NORMAL,0.3364044669908144,0.3620108951435479,0.21089757784913407,0.22310067839732714,0.30192478372400294,0.251206321807783,True,1,False,0,1.0,READY,PHYSICAL,0,0.05394516125717576
combined_fault_load,19026,301,600,3.0100000000000002,6.0,3.0,AMBIGUOUS,AMBIGUOUS,1.7181935520923488,1.8945510131256242,0.6958780373399251,0.6427420795785165,0.6292222263751777,0.2484855785989835,True,300,False,0,0.006666666666666667,INSUFFICIENT_TRUSTED_HISTORY,AUX_VIRTUAL,2,0.029885666614669997
combined_fault_load,19027,20,159,0.2,1.59,1.4000000000000001,AMBIGUOUS,AMBIGUOUS,0.22102339381544375,3.371098208572048,3.37310745294932,0.09498203823510282,1.376905619659116,1.3395803337673218,False,0,False,0,0.07142857142857142,STARTUP_BLANKING,PHYSICAL,0,0.033489285708908155
combined_fault_load,19027,160,227,1.6,2.27,0.68,NORMAL,NORMAL,0.26484497881645835,0.8719806757865067,0.8560770457812932,0.22219143517876624,1.0009319606530052,0.9853645261115989,False,0,False,0,1.0,READY,PHYSICAL,0,0.048354411827698215
combined_fault_load,19027,228,242,2.2800000000000002,2.42,0.15,AMBIGUOUS,NORMAL,0.2109292301399743,0.3007604161544961,0.33693056086143874,0.26121577500669957,0.58847455104157,0.5650595094313658,False,0,False,0,1.0,READY,PHYSICAL,0,0.056060000133584253
combined_fault_load,19027,243,275,2.43,2.75,0.33,NORMAL,NORMAL,0.22108735287557318,0.4415131342000298,0.4383017062226384,0.22268364834645613,0.4401081088263854,0.4411976748358726,False,0,False,0,1.0,READY,PHYSICAL,0,0.05372727272598157
combined_fault_load,19027,276,285,2.7600000000000002,2.85,0.1,AMBIGUOUS,NORMAL,0.28750539691985466,0.6043514089040031,0.6111530755974754,0.25374635923605265,0.5053184326906791,0.5085304330317866,False,0,False,0,1.0,READY,PHYSICAL,0,0.049589999798627105
combined_fault_load,19027,286,299,2.86,2.99,0.14,NORMAL,NORMAL,0.21194585950877404,0.2893289466998625,0.2253725349372786,0.22594683344916075,0.45304470141605485,0.43790754045630303,False,0,False,0,1.0,READY,PHYSICAL,0,0.061071428587768296
combined_fault_load,19027,300,600,3.0,6.0,3.0100000000000002,AMBIGUOUS,AMBIGUOUS,1.5938038883204215,1.6656381582855084,0.5304709676610674,0.4959746875812166,0.6450934363985871,0.33590182993482304,True,301,False,0,0.009966777408637873,INSUFFICIENT_TRUSTED_HISTORY,AUX_VIRTUAL,2,0.034662458498235495
combined_fault_load,19028,20,156,0.2,1.56,1.37,AMBIGUOUS,AMBIGUOUS,0.23037857493618835,3.5394522626613423,3.53707060986629,0.05212898701847736,1.7892415148747636,1.8371459586010261,False,0,False,0,0.051094890510948905,STARTUP_BLANKING,PHYSICAL,0,0.033893430627624156
combined_fault_load,19028,157,168,1.57,1.68,0.12,NORMAL,NORMAL,0.2884737672114082,0.9548060602432275,0.9267382635483798,0.12168639458962767,1.393496482023114,1.4163083078818726,False,0,False,0,1.0,READY,PHYSICAL,0,0.07725833302174578
combined_fault_load,19028,169,182,1.69,1.82,0.14,AMBIGUOUS,NORMAL,0.23808088914590136,2.0756802132802465,2.039179941565167,0.1978270720445345,1.5477250645925287,1.5554600048056897,False,0,False,0,1.0,READY,PHYSICAL,0,0.062271428500285504
combined_fault_load,19028,183,232,1.83,2.32,0.5,NORMAL,NORMAL,0.20686461650238486,1.0441054851866347,1.0818162905933315,0.19707793139582586,1.3379918662590526,1.355228007760375,False,0,False,0,1.0,READY,PHYSICAL,0,0.05440399978397181
combined_fault_load,19028,233,252,2.33,2.52,0.2,AMBIGUOUS,NORMAL,0.27024748250630387,0.5706534882628883,0.5559264053885485,0.24762597972767297,0.7864270363268727,0.8059794769214188,False,0,False,0,1.0,READY,PHYSICAL,0,0.060909999774594326
combined_fault_load,19028,253,278,2.5300000000000002,2.7800000000000002,0.26,NORMAL,NORMAL,0.26411294357747295,0.27380721028223604,0.21963701891655363,0.23999263156681352,0.512840812642797,0.4985572225001773,False,0,False,0,1.0,READY,PHYSICAL,0,0.05026538474339759
combined_fault_load,19028,279,292,2.79,2.92,0.14,AMBIGUOUS,NORMAL,0.21680775601840555,0.5232115584492456,0.5077421420833365,0.27623428337742595,0.4156219168321279,0.36537923918215587,False,0,False,0,1.0,READY,PHYSICAL,0,0.0632428573226207
combined_fault_load,19028,293,301,2.93,3.0100000000000002,0.09,NORMAL,NORMAL,0.840936550856934,1.1423759286023152,0.48915670700078884,0.2887536296789789,0.5409517257108498,0.46892700893761713,True,2,False,0,1.0,READY,PHYSICAL,0,0.05432222254360871
combined_fault_load,19028,302,600,3.02,6.0,2.99,AMBIGUOUS,AMBIGUOUS,1.6151175495768757,1.7759718137775093,0.5412235088027658,0.6221838030110016,0.8909051385716804,0.4642431352656998,True,299,False,0,0.0033444816053511705,INSUFFICIENT_TRUSTED_HISTORY,AUX_VIRTUAL,2,0.03153177259754067
combined_fault_load,19029,20,153,0.2,1.53,1.34,AMBIGUOUS,AMBIGUOUS,0.22558376922301138,3.5946063578371574,3.6043288940337663,0.16395213257109548,1.5227618999878918,1.6867140325589878,False,0,False,0,0.029850746268656716,STARTUP_BLANKING,PHYSICAL,0,0.027960447708332437
combined_fault_load,19029,154,174,1.54,1.74,0.21,NORMAL,NORMAL,0.2840434915749044,1.100657931529065,0.9890273679591162,0.2225675063808128,1.2147659863418316,1.2547671685904076,False,0,False,0,1.0,READY,PHYSICAL,0,0.05098095209091082
combined_fault_load,19029,175,181,1.75,1.81,0.07,AMBIGUOUS,NORMAL,0.23557939991072832,2.07776985270975,2.201068014684705,0.23911876833740178,1.5106380856294173,1.5314967345028752,False,0,False,0,1.0,READY,PHYSICAL,0,0.061371428663343455
combined_fault_load,19029,182,272,1.82,2.72,0.91,NORMAL,NORMAL,0.2251587334476038,0.8158048250611282,0.7810417496524286,0.22253064187218458,1.0333504741612163,1.010800037302075,False,0,False,0,1.0,READY,PHYSICAL,0,0.05422857136111885
combined_fault_load,19029,273,278,2.73,2.7800000000000002,0.06,AMBIGUOUS,NORMAL,0.17807391867225184,0.6421589321283735,0.643771215234692,0.24136079149242518,0.5408505477654939,0.5162005469498782,False,0,False,0,1.0,READY,PHYSICAL,0,0.06593333334118749
combined_fault_load,19029,279,293,2.79,2.93,0.15,NORMAL,NORMAL,0.21092280588030027,0.21138469246835806,0.15559954910730955,0.21160519915276485,0.4312121022473617,0.40096505347876993,False,0,False,0,1.0,READY,PHYSICAL,0,0.04951333333641136
combined_fault_load,19029,294,298,2.94,2.98,0.05,AMBIGUOUS,NORMAL,0.24257545019053026,0.33007637194333767,0.27569796638031363,0.22947709671419822,0.3685105152962857,0.32862200437095623,False,0,False,0,1.0,READY,PHYSICAL,0,0.06318000014289282
combined_fault_load,19029,299,301,2.99,3.0100000000000002,0.03,NORMAL,AMBIGUOUS,2.0156425533853457,2.060992164669775,0.04534961128442916,0.3516836191773101,0.48146199121029715,0.2951997309372251,True,2,False,0,1.0,READY,MAIN_VIRTUAL,1,0.07083333305975732
combined_fault_load,19029,302,600,3.02,6.0,2.99,AMBIGUOUS,AMBIGUOUS,1.5878295803601499,1.742369614464641,0.551857810547103,0.603015651514011,0.7203744213351455,0.267217989693304,True,299,False,0,0.0033444816053511705,INSUFFICIENT_TRUSTED_HISTORY,AUX_VIRTUAL,2,0.03218394659144608
combined_fault_load,19030,20,153,0.2,1.53,1.34,AMBIGUOUS,AMBIGUOUS,0.2465554158833578,3.5888823539769503,3.589721312131554,0.15145733040814022,1.4528991819903174,1.5802005001588564,False,0,False,0,0.029850746268656716,STARTUP_BLANKING,PHYSICAL,0,0.03412686560499315
combined_fault_load,19030,154,270,1.54,2.7,1.17,NORMAL,NORMAL,0.2165070137945643,0.8868940436783365,0.8662808411452393,0.1975477778179568,1.0243729658594307,1.0266252949094856,False,0,False,0,1.0,READY,PHYSICAL,0,0.0533572650670261
combined_fault_load,19030,271,280,2.71,2.8000000000000003,0.1,AMBIGUOUS,NORMAL,0.1603664069389275,0.8985534256074488,0.9051416493568034,0.2456385788235072,0.6430805917528927,0.6221613882283834,False,0,False,0,1.0,READY,PHYSICAL,0,0.04666999993787613
combined_fault_load,19030,281,301,2.81,3.0100000000000002,0.21,NORMAL,NORMAL,0.510826956882275,0.6053988319097656,0.24715528902725414,0.24100871044119737,0.6056754104751788,0.5445531385468088,True,2,False,0,1.0,READY,PHYSICAL,0,0.06659999997368903
combined_fault_load,19030,302,600,3.02,6.0,2.99,AMBIGUOUS,AMBIGUOUS,1.7346165729604426,1.9264380247418116,0.6825361254271118,0.6556384302931011,0.8296439231432677,0.3612820823023778,True,299,False,0,0.0033444816053511705,INSUFFICIENT_TRUSTED_HISTORY,AUX_VIRTUAL,2,0.02909063549543323
sensor_bias_15,19026,20,157,0.2,1.57,1.3800000000000001,AMBIGUOUS,AMBIGUOUS,0.22821870106534678,3.3658929292263955,3.3746010983739563,0.054827397703995646,1.2768480562123155,1.2556034192574903,False,0,False,0,0.057971014492753624,STARTUP_BLANKING,PHYSICAL,0,0.03163115943080165
sensor_bias_15,19026,158,201,1.58,2.0100000000000002,0.44,NORMAL,NORMAL,0.6379505856361795,1.2675153250564912,0.8079412126393276,0.18828992418402404,0.9242959818314215,0.8891664492231524,True,2,False,0,1.0,READY,PHYSICAL,0,0.07107272738887166
sensor_bias_15,19026,202,202,2.02,2.02,0.01,LIKELY_SENSOR_FAULT,LIKELY_SENSOR_FAULT,9.684004163430032,10.768218348676612,1.08421418524658,1.5529698991013416,2.330944854781439,0.9154593781964707,True,1,False,0,1.0,READY,MAIN_VIRTUAL,1,0.062000000980333425
sensor_bias_15,19026,203,600,2.0300000000000002,6.0,3.98,AMBIGUOUS,AMBIGUOUS,4.895382443588526,4.927173965639329,0.26251697120013434,,,,False,398,False,0,0.0,INSUFFICIENT_TRUSTED_HISTORY,MAIN_VIRTUAL,1,0.03400628142957997
sensor_bias_15,19027,20,159,0.2,1.59,1.4000000000000001,AMBIGUOUS,AMBIGUOUS,0.22102339381544375,3.371098208572048,3.37310745294932,0.09498203823510282,1.376905619659116,1.3395803337673218,False,0,False,0,0.07142857142857142,STARTUP_BLANKING,PHYSICAL,0,0.036512142807103895
sensor_bias_15,19027,160,201,1.6,2.0100000000000002,0.42,NORMAL,NORMAL,0.7160721221778555,1.3818661266459178,0.892440301872489,0.22862758708277942,1.08585832783252,1.0342991093267857,True,2,False,0,1.0,READY,PHYSICAL,0,0.059242857137828
sensor_bias_15,19027,202,202,2.02,2.02,0.01,LIKELY_SENSOR_FAULT,LIKELY_SENSOR_FAULT,10.254169935421125,11.024783100238274,0.7706131648171493,1.654716862118375,2.2733999395480016,0.8021198177105011,True,1,False,0,1.0,READY,MAIN_VIRTUAL,1,0.06480000047304202
sensor_bias_15,19027,203,600,2.0300000000000002,6.0,3.98,AMBIGUOUS,AMBIGUOUS,5.089373144897385,4.935670470567902,0.2411820871783089,,,,False,398,False,0,0.0,INSUFFICIENT_TRUSTED_HISTORY,MAIN_VIRTUAL,1,0.034862311558434375
sensor_bias_15,19028,20,156,0.2,1.56,1.37,AMBIGUOUS,AMBIGUOUS,0.23037857493618835,3.5394522626613423,3.53707060986629,0.05212898701847736,1.7892415148747636,1.8371459586010261,False,0,False,0,0.051094890510948905,STARTUP_BLANKING,PHYSICAL,0,0.0361080291819288
sensor_bias_15,19028,157,168,1.57,1.68,0.12,NORMAL,NORMAL,0.2884737672114082,0.9548060602432275,0.9267382635483798,0.12168639458962767,1.393496482023114,1.4163083078818726,False,0,False,0,1.0,READY,PHYSICAL,0,0.06749166656542609
sensor_bias_15,19028,169,182,1.69,1.82,0.14,AMBIGUOUS,NORMAL,0.23808088914590136,2.0756802132802465,2.039179941565167,0.1978270720445345,1.5477250645925287,1.5554600048056897,False,0,False,0,1.0,READY,PHYSICAL,0,0.05589285761483812
sensor_bias_15,19028,183,201,1.83,2.0100000000000002,0.19,NORMAL,NORMAL,1.1892003671877653,1.9074327923446235,0.9639436297492493,0.27305591968702386,1.5423234941385533,1.4838487934631859,True,2,False,0,1.0,READY,PHYSICAL,0,0.060826315874644356
sensor_bias_15,19028,202,202,2.02,2.02,0.01,LIKELY_SENSOR_FAULT,LIKELY_SENSOR_FAULT,9.636525624452553,11.053627393519534,1.4171017690669814,1.5444716347279286,2.5356111426394117,1.2030481169498723,True,1,False,0,1.0,READY,MAIN_VIRTUAL,1,0.07639999967068434
sensor_bias_15,19028,203,600,2.0300000000000002,6.0,3.98,AMBIGUOUS,AMBIGUOUS,4.901044397951482,5.031586983712882,0.35077365417607287,,,,False,398,False,0,0.0,INSUFFICIENT_TRUSTED_HISTORY,MAIN_VIRTUAL,1,0.033835929680756646
sensor_bias_15,19029,20,153,0.2,1.53,1.34,AMBIGUOUS,AMBIGUOUS,0.22558376922301138,3.5946063578371574,3.6043288940337663,0.16395213257109548,1.5227618999878918,1.6867140325589878,False,0,False,0,0.029850746268656716,STARTUP_BLANKING,PHYSICAL,0,0.033606716435804006
sensor_bias_15,19029,154,174,1.54,1.74,0.21,NORMAL,NORMAL,0.2840434915749044,1.100657931529065,0.9890273679591162,0.2225675063808128,1.2147659863418316,1.2547671685904076,False,0,False,0,1.0,READY,PHYSICAL,0,0.06313809535640758
sensor_bias_15,19029,175,181,1.75,1.81,0.07,AMBIGUOUS,NORMAL,0.23557939991072832,2.07776985270975,2.201068014684705,0.23911876833740178,1.5106380856294173,1.5314967345028752,False,0,False,0,1.0,READY,PHYSICAL,0,0.06494285740440578
sensor_bias_15,19029,182,201,1.82,2.0100000000000002,0.2,NORMAL,NORMAL,1.1674515583847989,1.8075893908358545,0.771820828615201,0.2906052264769496,1.3701199854355544,1.3061756347859046,True,2,False,0,1.0,READY,PHYSICAL,0,0.056504999793105526
sensor_bias_15,19029,202,202,2.02,2.02,0.01,LIKELY_SENSOR_FAULT,LIKELY_SENSOR_FAULT,10.280923507047191,11.468356182517539,1.1874326754703475,1.6085804882929082,2.488600752628978,1.033747837709928,True,1,False,0,1.0,READY,MAIN_VIRTUAL,1,0.04540000009001233
sensor_bias_15,19029,203,600,2.0300000000000002,6.0,3.98,AMBIGUOUS,AMBIGUOUS,5.040959838435772,4.984098994215972,0.23786676001307924,,,,False,398,False,0,0.0,INSUFFICIENT_TRUSTED_HISTORY,MAIN_VIRTUAL,1,0.032349497503938854
sensor_bias_15,19030,20,153,0.2,1.53,1.34,AMBIGUOUS,AMBIGUOUS,0.2465554158833578,3.5888823539769503,3.589721312131554,0.15145733040814022,1.4528991819903174,1.5802005001588564,False,0,False,0,0.029850746268656716,STARTUP_BLANKING,PHYSICAL,0,0.035702238870835026
sensor_bias_15,19030,154,201,1.54,2.0100000000000002,0.48,NORMAL,NORMAL,0.5960428335483375,1.5166304918000924,1.1024199356007627,0.20686504110028534,1.2750306492128112,1.2816535665886246,True,2,False,0,1.0,READY,PHYSICAL,0,0.06019375011116305
sensor_bias_15,19030,202,202,2.02,2.02,0.01,LIKELY_SENSOR_FAULT,LIKELY_SENSOR_FAULT,9.513212502171015,11.199406402673809,1.6861939005027935,1.5502085140396362,2.4941629917117543,1.1127876480559589,True,1,False,0,1.0,READY,MAIN_VIRTUAL,1,0.05459999920276459
sensor_bias_15,19030,203,600,2.0300000000000002,6.0,3.98,AMBIGUOUS,AMBIGUOUS,4.869545631318284,5.038521771710723,0.405910817938527,,,,False,398,False,0,0.0,INSUFFICIENT_TRUSTED_HISTORY,MAIN_VIRTUAL,1,0.03349020096437418
sensor_dropout,19026,20,157,0.2,1.57,1.3800000000000001,AMBIGUOUS,AMBIGUOUS,0.22821870106534678,3.3658929292263955,3.3746010983739563,0.054827397703995646,1.2768480562123155,1.2556034192574903,False,0,False,0,0.057971014492753624,STARTUP_BLANKING,PHYSICAL,0,0.034174637616872686
sensor_dropout,19026,158,201,1.58,2.0100000000000002,0.44,NORMAL,NORMAL,1.7840181533885051,2.31153203901996,0.8079412126393276,0.27273905867734,1.0012528801421214,0.8891664492231524,True,2,False,0,1.0,READY,PHYSICAL,0,0.05067500011467597
sensor_dropout,19026,202,202,2.02,2.02,0.01,LIKELY_SENSOR_FAULT,LIKELY_SENSOR_FAULT,35.291770935058594,34.207556749812014,1.08421418524658,5.16891879085259,5.6304433692743,0.9154593781964707,True,1,False,0,1.0,READY,MAIN_VIRTUAL,1,0.048800000513438135
sensor_dropout,19026,203,600,2.0300000000000002,6.0,3.98,AMBIGUOUS,AMBIGUOUS,17.543795648525506,17.339757780648227,0.26251697120013434,,,,False,398,False,0,0.0,INSUFFICIENT_TRUSTED_HISTORY,MAIN_VIRTUAL,1,0.03622236178200557
sensor_dropout,19027,20,159,0.2,1.59,1.4000000000000001,AMBIGUOUS,AMBIGUOUS,0.22102339381544375,3.371098208572048,3.37310745294932,0.09498203823510282,1.376905619659116,1.3395803337673218,False,0,False,0,0.07142857142857142,STARTUP_BLANKING,PHYSICAL,0,0.03231071423215326
sensor_dropout,19027,160,201,1.6,2.0100000000000002,0.42,NORMAL,NORMAL,1.8681147424136095,2.45815579863633,0.892440301872489,0.3133532114521624,1.165009914220248,1.0342991093267857,True,2,False,0,1.0,READY,PHYSICAL,0,0.06370714271768174
sensor_dropout,19027,202,202,2.02,2.02,0.01,LIKELY_SENSOR_FAULT,LIKELY_SENSOR_FAULT,34.61091232299805,33.8402991581809,0.7706131648171493,5.1139196728166,5.508165722210771,0.8021198177105011,True,1,False,0,1.0,READY,MAIN_VIRTUAL,1,0.08329999945999589
sensor_dropout,19027,203,600,2.0300000000000002,6.0,3.98,AMBIGUOUS,AMBIGUOUS,17.49863839926188,17.580021851931146,0.2411820871783089,,,,False,398,False,0,0.0,INSUFFICIENT_TRUSTED_HISTORY,MAIN_VIRTUAL,1,0.040731658304705994
sensor_dropout,19028,20,156,0.2,1.56,1.37,AMBIGUOUS,AMBIGUOUS,0.23037857493618835,3.5394522626613423,3.53707060986629,0.05212898701847736,1.7892415148747636,1.8371459586010261,False,0,False,0,0.051094890510948905,STARTUP_BLANKING,PHYSICAL,0,0.042758394237930625
sensor_dropout,19028,157,168,1.57,1.68,0.12,NORMAL,NORMAL,0.2884737672114082,0.9548060602432275,0.9267382635483798,0.12168639458962767,1.393496482023114,1.4163083078818726,False,0,False,0,1.0,READY,PHYSICAL,0,0.05013333354024022
sensor_dropout,19028,169,182,1.69,1.82,0.14,AMBIGUOUS,NORMAL,0.23808088914590136,2.0756802132802465,2.039179941565167,0.1978270720445345,1.5477250645925287,1.5554600048056897,False,0,False,0,1.0,READY,PHYSICAL,0,0.06172142859993203
sensor_dropout,19028,183,201,1.83,2.0100000000000002,0.19,NORMAL,NORMAL,3.764362224583299,4.329291546996375,0.9639436297492493,0.4627729807454129,1.7219251670008744,1.4838487934631859,True,2,False,0,1.0,READY,PHYSICAL,0,0.05697894774034227
sensor_dropout,19028,202,202,2.02,2.02,0.01,LIKELY_SENSOR_FAULT,LIKELY_SENSOR_FAULT,34.11433029174805,32.697228522681065,1.4171017690669814,5.034534424612991,5.747935426797447,1.2030481169498723,True,1,False,0,1.0,READY,MAIN_VIRTUAL,1,0.1646999990043696
sensor_dropout,19028,203,600,2.0300000000000002,6.0,3.98,AMBIGUOUS,AMBIGUOUS,17.53513055763531,17.249421173450983,0.35077365417607287,,,,False,398,False,0,0.0,INSUFFICIENT_TRUSTED_HISTORY,MAIN_VIRTUAL,1,0.03606432164815487
sensor_dropout,19029,20,153,0.2,1.53,1.34,AMBIGUOUS,AMBIGUOUS,0.22558376922301138,3.5946063578371574,3.6043288940337663,0.16395213257109548,1.5227618999878918,1.6867140325589878,False,0,False,0,0.029850746268656716,STARTUP_BLANKING,PHYSICAL,0,0.041123880596862714
sensor_dropout,19029,154,174,1.54,1.74,0.21,NORMAL,NORMAL,0.2840434915749044,1.100657931529065,0.9890273679591162,0.2225675063808128,1.2147659863418316,1.2547671685904076,False,0,False,0,1.0,READY,PHYSICAL,0,0.06803333313395601
sensor_dropout,19029,175,181,1.75,1.81,0.07,AMBIGUOUS,NORMAL,0.23557939991072832,2.07776985270975,2.201068014684705,0.23911876833740178,1.5106380856294173,1.5314967345028752,False,0,False,0,1.0,READY,PHYSICAL,0,0.07085714215853452
sensor_dropout,19029,182,201,1.82,2.0100000000000002,0.2,NORMAL,NORMAL,3.592319274539848,4.086650581054199,0.771820828615201,0.46894567273914056,1.5385419408621044,1.3061756347859046,True,2,False,0,1.0,READY,PHYSICAL,0,0.05085000011604279
sensor_dropout,19029,202,202,2.02,2.02,0.01,LIKELY_SENSOR_FAULT,LIKELY_SENSOR_FAULT,34.200660705566406,33.01322803009606,1.1874326754703475,5.051094618111728,5.676483579799699,1.033747837709928,True,1,False,0,1.0,READY,MAIN_VIRTUAL,1,0.05390000114857685
sensor_dropout,19029,203,600,2.0300000000000002,6.0,3.98,AMBIGUOUS,AMBIGUOUS,17.49900744591294,17.470008830295363,0.23786676001307924,,,,False,398,False,0,0.0,INSUFFICIENT_TRUSTED_HISTORY,MAIN_VIRTUAL,1,0.034366834214911914
sensor_dropout,19030,20,153,0.2,1.53,1.34,AMBIGUOUS,AMBIGUOUS,0.2465554158833578,3.5888823539769503,3.589721312131554,0.15145733040814022,1.4528991819903174,1.5802005001588564,False,0,False,0,0.029850746268656716,STARTUP_BLANKING,PHYSICAL,0,0.031925373068995906
sensor_dropout,19030,154,201,1.54,2.0100000000000002,0.48,NORMAL,NORMAL,1.6391758714147928,2.438773365479937,1.1024199356007627,0.283498442514849,1.3429396598888672,1.2816535665886246,True,2,False,0,1.0,READY,PHYSICAL,0,0.05410625006637323
sensor_dropout,19030,202,202,2.02,2.02,0.01,LIKELY_SENSOR_FAULT,LIKELY_SENSOR_FAULT,34.775386810302734,33.08919290979994,1.6861939005027935,5.132916356930762,5.638813588277154,1.1127876480559589,True,1,False,0,1.0,READY,MAIN_VIRTUAL,1,0.05919999966863543
sensor_dropout,19030,203,600,2.0300000000000002,6.0,3.98,AMBIGUOUS,AMBIGUOUS,17.56718496639061,17.217811811927447,0.405910817938527,,,,False,398,False,0,0.0,INSUFFICIENT_TRUSTED_HISTORY,MAIN_VIRTUAL,1,0.03464773876498039
parameter_variation,19026,20,157,0.2,1.57,1.3800000000000001,AMBIGUOUS,AMBIGUOUS,0.22821870106534678,3.3658929292263955,3.3746010983739563,0.054827397703995646,1.2768480562123155,1.2556034192574903,False,0,False,0,0.057971014492753624,STARTUP_BLANKING,PHYSICAL,0,0.038008695691646804
parameter_variation,19026,158,212,1.58,2.12,0.55,NORMAL,NORMAL,0.1923759029969295,0.8039772098417799,0.8105323195149715,0.15742924815576825,0.8946293487681832,0.8944313691931002,False,0,False,0,1.0,READY,PHYSICAL,0,0.04880909083030102
parameter_variation,19026,213,219,2.13,2.19,0.07,AMBIGUOUS,NORMAL,0.22068832885650685,0.27020878020112754,0.1482735803949861,0.19457377856168895,0.737111969865753,0.7330754884336501,False,0,False,0,1.0,READY,PHYSICAL,0,0.0665714282409421
parameter_variation,19026,220,263,2.2,2.63,0.44,NORMAL,NORMAL,0.20635546269955832,0.35173659626886594,0.32479004206158346,0.1902224749873758,0.480846027466874,0.46307357565895496,False,0,False,0,1.0,READY,PHYSICAL,0,0.05065909106798989
parameter_variation,19026,264,269,2.64,2.69,0.06,AMBIGUOUS,NORMAL,0.19909688833268527,0.267685145524099,0.23776089627625532,0.23099338182815568,0.34440748378479324,0.3089678975226507,False,0,False,0,1.0,READY,PHYSICAL,0,0.05451666675071465
parameter_variation,19026,270,300,2.7,3.0,0.31,NORMAL,NORMAL,0.23118773311984667,0.25679416127258015,0.21089757784913407,0.21783984170377874,0.29666394703045457,0.251206321807783,False,0,False,0,1.0,READY,PHYSICAL,0,0.06245161303893603
parameter_variation,19026,301,320,3.0100000000000002,3.2,0.2,AMBIGUOUS,AMBIGUOUS,0.26722150740237466,4.259864105449749,4.180666497775471,0.26567460353767675,1.2683486036187743,1.2093418162895724,False,0,False,0,1.0,READY,PHYSICAL,0,0.05880000016986742
parameter_variation,19026,321,326,3.21,3.2600000000000002,0.06,LIKELY_AUX_MISMATCH,LIKELY_AUX_MISMATCH,0.24867013690287956,10.005426462546339,9.857542386645745,0.24934508171914896,4.463133015768869,4.389126818547209,False,0,False,0,1.0,READY,PHYSICAL,0,0.07681666617524267
parameter_variation,19026,327,600,3.27,6.0,2.74,AMBIGUOUS,AMBIGUOUS,0.23542108712384885,11.774605556932753,11.706661024073625,,,,False,0,False,0,0.0,AUX_PARAM_MISMATCH,PHYSICAL,0,0.03503430659034464
parameter_variation,19027,20,159,0.2,1.59,1.4000000000000001,AMBIGUOUS,AMBIGUOUS,0.22102339381544375,3.371098208572048,3.37310745294932,0.09498203823510282,1.376905619659116,1.3395803337673218,False,0,False,0,0.07142857142857142,STARTUP_BLANKING,PHYSICAL,0,0.03749285710260405
parameter_variation,19027,160,227,1.6,2.27,0.68,NORMAL,NORMAL,0.26484497881645835,0.8719806757865067,0.8560770457812932,0.22219143517876624,1.0009319606530052,0.9853645261115989,False,0,False,0,1.0,READY,PHYSICAL,0,0.05503088258966968
parameter_variation,19027,228,242,2.2800000000000002,2.42,0.15,AMBIGUOUS,NORMAL,0.2109292301399743,0.3007604161544961,0.33693056086143874,0.26121577500669957,0.58847455104157,0.5650595094313658,False,0,False,0,1.0,READY,PHYSICAL,0,0.057713332959489584
parameter_variation,19027,243,275,2.43,2.75,0.33,NORMAL,NORMAL,0.22108735287557318,0.4415131342000298,0.4383017062226384,0.22268364834645613,0.4401081088263854,0.4411976748358726,False,0,False,0,1.0,READY,PHYSICAL,0,0.0521181818564373
parameter_variation,19027,276,285,2.7600000000000002,2.85,0.1,AMBIGUOUS,NORMAL,0.28750539691985466,0.6043514089040031,0.6111530755974754,0.25374635923605265,0.5053184326906791,0.5085304330317866,False,0,False,0,1.0,READY,PHYSICAL,0,0.05458999985421542
parameter_variation,19027,286,299,2.86,2.99,0.14,NORMAL,NORMAL,0.21194585950877404,0.2893289466998625,0.2253725349372786,0.22594683344916075,0.45304470141605485,0.43790754045630303,False,0,False,0,1.0,READY,PHYSICAL,0,0.061592857101849016
parameter_variation,19027,300,600,3.0,6.0,3.0100000000000002,AMBIGUOUS,AMBIGUOUS,0.2537056621002356,11.101811849767573,11.029949862788335,0.24853394569636938,2.410260511933946,2.349483488968096,True,1,False,0,0.10299003322259136,AUX_PARAM_MISMATCH,PHYSICAL,0,0.03923189363911697
parameter_variation,19028,20,156,0.2,1.56,1.37,AMBIGUOUS,AMBIGUOUS,0.23037857493618835,3.5394522626613423,3.53707060986629,0.05212898701847736,1.7892415148747636,1.8371459586010261,False,0,False,0,0.051094890510948905,STARTUP_BLANKING,PHYSICAL,0,0.03879343048339271
parameter_variation,19028,157,168,1.57,1.68,0.12,NORMAL,NORMAL,0.2884737672114082,0.9548060602432275,0.9267382635483798,0.12168639458962767,1.393496482023114,1.4163083078818726,False,0,False,0,1.0,READY,PHYSICAL,0,0.056941666571219685
parameter_variation,19028,169,182,1.69,1.82,0.14,AMBIGUOUS,NORMAL,0.23808088914590136,2.0756802132802465,2.039179941565167,0.1978270720445345,1.5477250645925287,1.5554600048056897,False,0,False,0,1.0,READY,PHYSICAL,0,0.06710714309779828
parameter_variation,19028,183,232,1.83,2.32,0.5,NORMAL,NORMAL,0.20686461650238486,1.0441054851866347,1.0818162905933315,0.19707793139582586,1.3379918662590526,1.355228007760375,False,0,False,0,1.0,READY,PHYSICAL,0,0.07203600001957966
parameter_variation,19028,233,252,2.33,2.52,0.2,AMBIGUOUS,NORMAL,0.27024748250630387,0.5706534882628883,0.5559264053885485,0.24762597972767297,0.7864270363268727,0.8059794769214188,False,0,False,0,1.0,READY,PHYSICAL,0,0.06928499997229665
parameter_variation,19028,253,278,2.5300000000000002,2.7800000000000002,0.26,NORMAL,NORMAL,0.26411294357747295,0.27380721028223604,0.21963701891655363,0.23999263156681352,0.512840812642797,0.4985572225001773,False,0,False,0,1.0,READY,PHYSICAL,0,0.05473076935931413
parameter_variation,19028,279,292,2.79,2.92,0.14,AMBIGUOUS,NORMAL,0.21680775601840555,0.5232115584492456,0.5077421420833365,0.27623428337742595,0.4156219168321279,0.36537923918215587,False,0,False,0,1.0,READY,PHYSICAL,0,0.07753571428890739
parameter_variation,19028,293,309,2.93,3.09,0.17,NORMAL,NORMAL,0.24791706930646196,0.8452003653155709,0.8444610587154621,0.24880472375455423,0.5156393480679204,0.49424011390845607,False,0,False,0,1.0,READY,PHYSICAL,0,0.054717647050411496
parameter_variation,19028,310,600,3.1,6.0,2.91,AMBIGUOUS,AMBIGUOUS,0.24589630144635535,11.193746077743029,11.125312575080153,0.2819146390563282,3.6111590290480824,3.584109778145118,False,0,False,0,0.10996563573883161,AUX_PARAM_MISMATCH,PHYSICAL,0,0.04052646049145126
parameter_variation,19029,20,153,0.2,1.53,1.34,AMBIGUOUS,AMBIGUOUS,0.22558376922301138,3.5946063578371574,3.6043288940337663,0.16395213257109548,1.5227618999878918,1.6867140325589878,False,0,False,0,0.029850746268656716,STARTUP_BLANKING,PHYSICAL,0,0.04157910453654746
parameter_variation,19029,154,174,1.54,1.74,0.21,NORMAL,NORMAL,0.2840434915749044,1.100657931529065,0.9890273679591162,0.2225675063808128,1.2147659863418316,1.2547671685904076,False,0,False,0,1.0,READY,PHYSICAL,0,0.07276190496798206
parameter_variation,19029,175,181,1.75,1.81,0.07,AMBIGUOUS,NORMAL,0.23557939991072832,2.07776985270975,2.201068014684705,0.23911876833740178,1.5106380856294173,1.5314967345028752,False,0,False,0,1.0,READY,PHYSICAL,0,0.04425714307996843
parameter_variation,19029,182,272,1.82,2.72,0.91,NORMAL,NORMAL,0.2251587334476038,0.8158048250611282,0.7810417496524286,0.22253064187218458,1.0333504741612163,1.010800037302075,False,0,False,0,1.0,READY,PHYSICAL,0,0.055151648296856905
parameter_variation,19029,273,278,2.73,2.7800000000000002,0.06,AMBIGUOUS,NORMAL,0.17807391867225184,0.6421589321283735,0.643771215234692,0.24136079149242518,0.5408505477654939,0.5162005469498782,False,0,False,0,1.0,READY,PHYSICAL,0,0.06338333302361814
parameter_variation,19029,279,293,2.79,2.93,0.15,NORMAL,NORMAL,0.21092280588030027,0.21138469246835806,0.15559954910730955,0.21160519915276485,0.4312121022473617,0.40096505347876993,False,0,False,0,1.0,READY,PHYSICAL,0,0.062053333264581546
parameter_variation,19029,294,298,2.94,2.98,0.05,AMBIGUOUS,NORMAL,0.24257545019053026,0.33007637194333767,0.27569796638031363,0.22947709671419822,0.3685105152962857,0.32862200437095623,False,0,False,0,1.0,READY,PHYSICAL,0,0.06656000005023088
parameter_variation,19029,299,310,2.99,3.1,0.12,NORMAL,NORMAL,0.21633080370082483,1.3281107439193616,1.2321895654379293,0.22025334636410884,0.4738627192856128,0.4187300287637206,False,0,False,0,1.0,READY,PHYSICAL,0,0.0521083334206196
parameter_variation,19029,311,600,3.11,6.0,2.9,AMBIGUOUS,AMBIGUOUS,1.838409390408568,10.518366053005385,8.755268020782628,0.2527707322784436,3.272577593801252,3.220793110461896,True,164,False,0,0.06206896551724138,AUX_PARAM_MISMATCH,FALLBACK,3,0.03674827586455022
parameter_variation,19030,20,153,0.2,1.53,1.34,AMBIGUOUS,AMBIGUOUS,0.2465554158833578,3.5888823539769503,3.589721312131554,0.15145733040814022,1.4528991819903174,1.5802005001588564,False,0,False,0,0.029850746268656716,STARTUP_BLANKING,PHYSICAL,0,0.0345999999659235
parameter_variation,19030,154,270,1.54,2.7,1.17,NORMAL,NORMAL,0.2165070137945643,0.8868940436783365,0.8662808411452393,0.1975477778179568,1.0243729658594307,1.0266252949094856,False,0,False,0,1.0,READY,PHYSICAL,0,0.06101196584526577
parameter_variation,19030,271,280,2.71,2.8000000000000003,0.1,AMBIGUOUS,NORMAL,0.1603664069389275,0.8985534256074488,0.9051416493568034,0.2456385788235072,0.6430805917528927,0.6221613882283834,False,0,False,0,1.0,READY,PHYSICAL,0,0.062140000409272034
parameter_variation,19030,281,311,2.81,3.11,0.31,NORMAL,NORMAL,0.22307101087750425,0.7807011119820294,0.7160650827310993,0.21575624936255827,0.5901354568544042,0.5501504782436594,False,0,False,0,1.0,READY,PHYSICAL,0,0.06391612899484068
parameter_variation,19030,312,600,3.12,6.0,2.89,AMBIGUOUS,AMBIGUOUS,0.9006201782735354,11.894109143665696,12.696725656869125,0.22850392371086406,3.2672775899448716,3.2248143639940094,True,217,False,0,0.0657439446366782,AUX_PARAM_MISMATCH,FALLBACK,3,0.03753391008503464
step_reference,19026,20,157,0.2,1.57,1.3800000000000001,AMBIGUOUS,AMBIGUOUS,0.2267447462734478,1.8978465027525422,1.9050011227638979,0.03992979246471205,0.34915540744797985,0.34286652817560276,False,0,False,0,0.057971014492753624,STARTUP_BLANKING,PHYSICAL,0,0.035319565211176414
step_reference,19026,158,212,1.58,2.12,0.55,NORMAL,NORMAL,0.19560578533546116,0.8432014064491652,0.8305021515580475,0.1564789635254023,0.6689196572850126,0.6475503807989338,False,0,False,0,1.0,READY,PHYSICAL,0,0.06082181822751987
step_reference,19026,213,225,2.13,2.25,0.13,AMBIGUOUS,NORMAL,0.20784237235522177,1.5617855444757505,1.504294429166357,0.19760795056968455,1.0932217327266274,1.0700468789123696,False,0,False,0,1.0,READY,PHYSICAL,0,0.05230769196574469
step_reference,19026,226,263,2.2600000000000002,2.63,0.38,NORMAL,NORMAL,0.20999476276292092,0.4111437753100654,0.40975999215743325,0.1916034282106101,0.71047722713158,0.7036986702222282,False,0,False,0,1.0,READY,PHYSICAL,0,0.056839473520659864
step_reference,19026,264,284,2.64,2.84,0.21,AMBIGUOUS,NORMAL,0.20886012538327492,0.5259349185665482,0.5303672439739571,0.2230868523927199,0.6033076442040787,0.5943089521673864,False,0,False,0,1.0,READY,PHYSICAL,0,0.062038095295844996
step_reference,19026,285,300,2.85,3.0,0.16,NORMAL,NORMAL,0.24557799255829638,0.32305467796340404,0.21284636385892597,0.21310000698290968,0.4250797024715468,0.38912519259365835,False,0,False,0,1.0,READY,PHYSICAL,0,0.06566250021933229
step_reference,19026,301,315,3.0100000000000002,3.15,0.15,AMBIGUOUS,AMBIGUOUS,0.2870145181114841,0.2958257931915919,0.22601756251843597,0.2667907393820287,0.36553824336372426,0.29135944768735844,False,0,False,0,1.0,READY,PHYSICAL,0,0.06268666681232087
step_reference,19026,316,332,3.16,3.3200000000000003,0.17,NORMAL,NORMAL,0.24197477295432387,0.2542140642713624,0.2277919985059506,0.24491011041115088,0.2993163446228851,0.24054887029800837,False,0,False,0,1.0,READY,PHYSICAL,0,0.06217647066531593
step_reference,19026,333,345,3.33,3.45,0.13,AMBIGUOUS,NORMAL,0.21460362198971586,0.6149939470833444,0.5810853610726607,0.24524623176769086,0.4096237194706343,0.36744434948768545,False,0,False,0,1.0,READY,PHYSICAL,0,0.07013076943761777
step_reference,19026,346,393,3.46,3.93,0.48,NORMAL,NORMAL,0.1981579370757173,0.21765188274843425,0.18341035451465157,0.20911109737219777,0.29855096492175076,0.27036527678124705,False,0,False,0,1.0,READY,PHYSICAL,0,0.05890833328218529
step_reference,19026,394,398,3.94,3.98,0.05,AMBIGUOUS,NORMAL,0.1823915679215517,0.4172838164601515,0.38028226972391793,0.21181653132855244,0.2660952132342232,0.21600372610355062,False,0,False,0,1.0,READY,PHYSICAL,0,0.0449800008937018
step_reference,19026,399,406,3.99,4.0600000000000005,0.08,NORMAL,NORMAL,0.2512705663096595,0.45011118278806794,0.45221648446355367,0.20589155807509718,0.32503373580335715,0.2827764250894533,False,0,False,0,1.0,READY,PHYSICAL,0,0.04302499974073726
step_reference,19026,407,416,4.07,4.16,0.1,AMBIGUOUS,NORMAL,0.21841948631162394,0.3182339725915654,0.20096705172153762,0.22938879709078078,0.3351354542352639,0.2834889740920443,False,0,False,0,1.0,READY,PHYSICAL,0,0.042269999903510325
step_reference,19026,417,449,4.17,4.49,0.33,NORMAL,NORMAL,0.2241346718601528,0.2314983767301586,0.16358449775571932,0.19563269488691676,0.2501809529988314,0.19509102722137922,False,0,False,0,1.0,READY,PHYSICAL,0,0.06864848486050808
step_reference,19026,450,454,4.5,4.54,0.05,AMBIGUOUS,NORMAL,0.24409902809283465,0.5636845933040149,0.5842361434470789,0.25995306831046966,0.3127280674423932,0.2667413676859737,False,0,False,0,1.0,READY,PHYSICAL,0,0.0694800000928808
step_reference,19026,455,568,4.55,5.68,1.1400000000000001,NORMAL,NORMAL,0.24436932341228487,0.34882117288056896,0.30375552415160356,0.24451623084643345,0.34378401129659825,0.296252029596317,False,0,False,0,1.0,READY,PHYSICAL,0,0.06028157882578773
step_reference,19026,569,573,5.69,5.73,0.05,AMBIGUOUS,NORMAL,0.21047791572090518,0.18680508454956596,0.10368439599567125,0.25450605432482043,0.3583469059047325,0.30531601193395924,False,0,False,0,1.0,READY,PHYSICAL,0,0.06597999963560142
step_reference,19026,574,600,5.74,6.0,0.27,NORMAL,NORMAL,0.23316104348994948,0.2746146124283839,0.16634226909133917,0.24322242599346428,0.3034671050948911,0.22583577875745584,False,0,False,0,1.0,READY,PHYSICAL,0,0.06931851836540133
step_reference,19027,20,159,0.2,1.59,1.4000000000000001,AMBIGUOUS,AMBIGUOUS,0.22200853801755394,1.8486887396842828,1.86229563811969,0.07570878530724238,0.2642413852875528,0.24568712278443455,False,0,False,0,0.07142857142857142,STARTUP_BLANKING,PHYSICAL,0,0.03399571425169207
step_reference,19027,160,178,1.6,1.78,0.19,NORMAL,NORMAL,0.26125871822029684,1.0417542722625053,1.012826587398892,0.15349764079151854,0.4702473798868641,0.46062082727158365,False,0,False,0,1.0,READY,PHYSICAL,0,0.06269473679391299
step_reference,19027,179,183,1.79,1.83,0.05,AMBIGUOUS,NORMAL,0.2364341670144526,1.5507701087742192,1.460296676060878,0.22795128023749558,0.9543370345228912,0.9115153727415957,False,0,False,0,1.0,READY,PHYSICAL,0,0.06296000065049157
step_reference,19027,184,226,1.84,2.2600000000000002,0.43,NORMAL,NORMAL,0.2705286725813456,1.0343071866803675,0.9905224472622867,0.24726440591038007,0.874778984742981,0.8354734633249927,False,0,False,0,1.0,READY,PHYSICAL,0,0.05155116284799459
step_reference,19027,227,242,2.27,2.42,0.16,AMBIGUOUS,NORMAL,0.21632364635201418,0.3391366404758349,0.31951783806651557,0.2616663946717367,1.0324145485130007,1.008223914587713,False,0,False,0,1.0,READY,PHYSICAL,0,0.06617499991534714
step_reference,19027,243,275,2.43,2.75,0.33,NORMAL,NORMAL,0.21995439859709212,0.5408671869767011,0.5036527927180833,0.22073583583317094,0.6405920591694387,0.6063341214214546,False,0,False,0,1.0,READY,PHYSICAL,0,0.05647575772221017
step_reference,19027,276,285,2.7600000000000002,2.85,0.1,AMBIGUOUS,NORMAL,0.2766005297568256,1.552314330235,1.569671982635824,0.24946881029741924,0.8421123918697238,0.806779031747013,False,0,False,0,1.0,READY,PHYSICAL,0,0.08056000006035902
step_reference,19027,286,299,2.86,2.99,0.14,NORMAL,NORMAL,0.20456840300700005,1.0142857390003834,0.9364585810877882,0.21983600819945207,1.0146486118494027,0.9983797960618898,False,0,False,0,1.0,READY,PHYSICAL,0,0.04725000014462109
step_reference,19027,300,308,3.0,3.08,0.09,AMBIGUOUS,NORMAL,0.2372789870443602,1.3699161715516723,1.4539939995856943,0.24186275384458586,1.0356468679872222,1.012678785336877,False,0,False,0,1.0,READY,PHYSICAL,0,0.04733333318856441
step_reference,19027,309,320,3.09,3.2,0.12,NORMAL,NORMAL,0.2945368433276361,0.890380168321491,0.9131279584894335,0.24641790333436941,1.1071090455709511,1.1123152533276905,False,0,False,0,1.0,READY,PHYSICAL,0,0.052558333512327714
step_reference,19027,321,325,3.21,3.25,0.05,AMBIGUOUS,NORMAL,0.15577292761010852,0.12387122640207196,0.18250304289380495,0.25118369779193517,0.8700218957930883,0.8718686739148002,False,0,False,0,1.0,READY,PHYSICAL,0,0.09896000083244871
step_reference,19027,326,348,3.2600000000000002,3.48,0.23,NORMAL,NORMAL,0.22900110929500528,0.5494674545033217,0.5684620352439739,0.22907886138472958,0.6641384346661966,0.6726210706437993,False,0,False,0,1.0,READY,PHYSICAL,0,0.05934347807298131
step_reference,19027,349,358,3.49,3.58,0.1,AMBIGUOUS,NORMAL,0.27698664045972093,0.34203078399187276,0.17512509327692313,0.2618959546459891,0.5800066021154626,0.5543958104746982,False,0,False,0,1.0,READY,PHYSICAL,0,0.09732999988045776
step_reference,19027,359,392,3.59,3.92,0.34,NORMAL,NORMAL,0.24874205720789555,0.32873736667750253,0.22616283270907545,0.24016753781290068,0.39960712678574545,0.3175052709470726,False,0,False,0,1.0,READY,PHYSICAL,0,0.06720294127530103
step_reference,19027,393,397,3.93,3.97,0.05,AMBIGUOUS,NORMAL,0.2845871225392898,0.25353192392456947,0.491800073454877,0.26889345662378483,0.38826913228282683,0.3515763875928317,False,0,False,0,1.0,READY,PHYSICAL,0,0.06782000054954551
step_reference,19027,398,509,3.98,5.09,1.12,NORMAL,NORMAL,0.2257999195795985,0.30803847752111657,0.24564414466604192,0.2295380774952292,0.32058148294964894,0.2691613942527173,False,0,False,0,1.0,READY,PHYSICAL,0,0.06420267852393279
step_reference,19027,510,538,5.1000000000000005,5.38,0.29,AMBIGUOUS,NORMAL,0.3096275796668419,0.4179277478235641,0.3686711599778926,0.2857997515131302,0.37397828021015367,0.3098305634946844,False,0,False,0,1.0,READY,PHYSICAL,0,0.06369310370967562
step_reference,19027,539,553,5.39,5.53,0.15,NORMAL,NORMAL,0.35325920889312623,0.2981299311992624,0.1188421124617354,0.3025683281098425,0.341435997771179,0.24625488328997644,False,0,False,0,1.0,READY,PHYSICAL,0,0.061606666349689476
step_reference,19027,554,558,5.54,5.58,0.05,AMBIGUOUS,NORMAL,0.16303718666288775,0.25740676200725404,0.16632913706590813,0.30157161134498645,0.30863402955417785,0.19423475388797856,False,0,False,0,1.0,READY,PHYSICAL,0,0.061160000041127205
step_reference,19027,559,600,5.59,6.0,0.42,NORMAL,NORMAL,0.21600890630870784,0.4044676621899387,0.371862198687694,0.24793651710922268,0.39090466685309994,0.3281552546072226,False,0,False,0,1.0,READY,PHYSICAL,0,0.05470238076148754
step_reference,19028,20,156,0.2,1.56,1.37,AMBIGUOUS,AMBIGUOUS,0.229870374582843,1.9091065616091114,1.923192228341801,0.07486393454511145,0.7051611114140032,0.7778202522652405,False,0,False,0,0.051094890510948905,STARTUP_BLANKING,PHYSICAL,0,0.0353686131361063
step_reference,19028,157,232,1.57,2.32,0.76,NORMAL,NORMAL,0.2224269203343044,0.8660837724036913,0.8317043791068774,0.18849155710652077,0.7722061576645632,0.7682648760795585,False,0,False,0,1.0,READY,PHYSICAL,0,0.06154210531780049
step_reference,19028,233,249,2.33,2.49,0.17,AMBIGUOUS,NORMAL,0.2803197710096391,0.3968657899119948,0.33998918095370395,0.2434196698871497,0.7657952960534524,0.7080433491343474,False,0,False,0,1.0,READY,PHYSICAL,0,0.05240000021277571
step_reference,19028,250,278,2.5,2.7800000000000002,0.29,NORMAL,NORMAL,0.2577765032448409,0.6488060734538516,0.6623029042624156,0.24064802404543273,0.5878727212290807,0.5738226756115099,False,0,False,0,1.0,READY,PHYSICAL,0,0.06503448288452185
step_reference,19028,279,283,2.79,2.83,0.05,AMBIGUOUS,NORMAL,0.30902066969425446,0.6978388720626227,0.9573168348048469,0.2976290577051538,0.7598050545749857,0.801712202371967,False,0,False,0,1.0,READY,PHYSICAL,0,0.048379999861936085
step_reference,19028,284,320,2.84,3.2,0.37,NORMAL,NORMAL,0.2593284952063434,0.7234437337679951,0.7209363738273911,0.25714240859443144,0.7367787286686411,0.7487592823890268,False,0,False,0,1.0,READY,PHYSICAL,0,0.06419729750730865
step_reference,19028,321,325,3.21,3.25,0.05,AMBIGUOUS,NORMAL,0.21710184642274727,0.2310717205243833,0.07849764010395006,0.2838345994471034,0.6670850831354997,0.6624525492754494,False,0,False,0,1.0,READY,PHYSICAL,0,0.06800000010116491
step_reference,19028,326,333,3.2600000000000002,3.33,0.08,NORMAL,NORMAL,0.32747841294787516,0.29349376557248963,0.13543678005413184,0.2859709504243368,0.5526620781479468,0.5107539002883933,False,0,False,0,1.0,READY,PHYSICAL,0,0.05513749988494965
step_reference,19028,334,357,3.34,3.5700000000000003,0.24,AMBIGUOUS,NORMAL,0.28186623915070036,0.5831315918262087,0.5757026876011967,0.28899604917165145,0.569586069730525,0.5341784894679539,False,0,False,0,1.0,READY,PHYSICAL,0,0.058208333105843245
step_reference,19028,358,460,3.58,4.6000000000000005,1.03,NORMAL,NORMAL,0.24000760415751685,0.31417985641052976,0.24266151829115798,0.24100584745106388,0.34856146961612355,0.2852712403804614,False,0,False,0,1.0,READY,PHYSICAL,0,0.06067281553874389
step_reference,19028,461,473,4.61,4.73,0.13,AMBIGUOUS,NORMAL,0.24642906954034005,0.40758893860892387,0.43555972645385477,0.2698587199427027,0.35060081380641306,0.31439845493859586,False,0,False,0,1.0,READY,PHYSICAL,0,0.0571923080245212
step_reference,19028,474,518,4.74,5.18,0.45,NORMAL,NORMAL,0.20624876853233853,0.2869527554124515,0.2646472692611474,0.22509604117038617,0.3199865083109925,0.297313015202205,False,0,False,0,1.0,READY,PHYSICAL,0,0.06195111099158465
step_reference,19028,519,540,5.19,5.4,0.22,AMBIGUOUS,NORMAL,0.2482849697522072,0.3452812491711583,0.2645881158767354,0.23056239922595137,0.30077161318025336,0.24295222206992698,False,0,False,0,1.0,READY,PHYSICAL,0,0.05799545446775896
step_reference,19028,541,600,5.41,6.0,0.6,NORMAL,NORMAL,0.21809350626195018,0.28420429135838143,0.20951792398981758,0.22526398296280215,0.30760342055393347,0.24586105035620154,False,0,False,0,1.0,READY,PHYSICAL,0,0.05891166668637501
step_reference,19029,20,153,0.2,1.53,1.34,AMBIGUOUS,AMBIGUOUS,0.2238117280292319,1.9046086610419646,1.923709232957929,0.18967775462647912,0.02235301836988806,0.16732473625659106,False,0,False,0,0.029850746268656716,STARTUP_BLANKING,PHYSICAL,0,0.03742313431608473
step_reference,19029,154,174,1.54,1.74,0.21,NORMAL,NORMAL,0.28399194845137066,0.7170550667330637,0.7487991663879805,0.23832295699389464,0.2532003916625404,0.3424736611660893,False,0,False,0,1.0,READY,PHYSICAL,0,0.051747618965150434
step_reference,19029,175,181,1.75,1.81,0.07,AMBIGUOUS,NORMAL,0.24370710493651007,1.6263462625427496,1.490105126823279,0.24746781059389764,0.7484057493059959,0.7730661562423079,False,0,False,0,1.0,READY,PHYSICAL,0,0.0640857139972338
step_reference,19029,182,272,1.82,2.72,0.91,NORMAL,NORMAL,0.2249936054387231,0.7406959162425338,0.7098772037857829,0.2248809081212343,0.7581682664432762,0.736379552341166,False,0,False,0,1.0,READY,PHYSICAL,0,0.060809890123641956
step_reference,19029,273,278,2.73,2.7800000000000002,0.06,AMBIGUOUS,NORMAL,0.1719205025282792,0.1807554547781637,0.17439186612426028,0.23729425286128605,0.6939171951082236,0.6672840883519574,False,0,False,0,1.0,READY,PHYSICAL,0,0.06989999959235622
step_reference,19029,279,293,2.79,2.93,0.15,NORMAL,NORMAL,0.2104917020995695,0.3851220782753491,0.3409993954452915,0.2084581597803174,0.5003601961945471,0.4701133261327073,False,0,False,0,1.0,READY,PHYSICAL,0,0.06422666665457655
step_reference,19029,294,298,2.94,2.98,0.05,AMBIGUOUS,NORMAL,0.24807636948827677,1.2274072111146892,1.3026314947806923,0.22773531614805015,0.620698247684857,0.5939034127622073,False,0,False,0,1.0,READY,PHYSICAL,0,0.06647999944107141
step_reference,19029,299,410,2.99,4.1,1.12,NORMAL,NORMAL,0.21871247004371597,0.3938815708860534,0.34898815432948554,0.2183496349813979,0.4597252959420325,0.427779768212838,False,0,False,0,1.0,READY,PHYSICAL,0,0.06009732144970518
step_reference,19029,411,419,4.11,4.19,0.09,AMBIGUOUS,NORMAL,0.25721881762123644,0.2760988426292062,0.1623284842335448,0.24884380221210295,0.3039348990048225,0.19455263024231917,False,0,False,0,1.0,READY,PHYSICAL,0,0.06225555545016606
step_reference,19029,420,439,4.2,4.39,0.2,NORMAL,NORMAL,0.27700722234108677,0.4522239923879511,0.34883464368768846,0.22566142444481976,0.354437281924217,0.2845352800306587,True,3,False,0,1.0,READY,PHYSICAL,0,0.06558500026585534
step_reference,19029,440,600,4.4,6.0,1.61,AMBIGUOUS,AMBIGUOUS,1.0482264709112201,0.3257744263781932,0.8030869017674984,,,,False,161,False,0,0.0,INSUFFICIENT_TRUSTED_HISTORY,MAIN_VIRTUAL,1,0.035632919235518694
step_reference,19030,20,153,0.2,1.53,1.34,AMBIGUOUS,AMBIGUOUS,0.24320956974706925,1.9449986753859083,1.9616046988190339,0.17108836142201003,0.11135814752357762,0.064539370567531,False,0,False,0,0.029850746268656716,STARTUP_BLANKING,PHYSICAL,0,0.03991492522162396
step_reference,19030,154,270,1.54,2.7,1.17,NORMAL,NORMAL,0.21534857094008045,0.7807387166345202,0.7366510794855092,0.1991148635685146,0.6877149400582853,0.6542367629213768,False,0,False,0,1.0,READY,PHYSICAL,0,0.053464102554562874
step_reference,19030,271,280,2.71,2.8000000000000003,0.1,AMBIGUOUS,NORMAL,0.1573322989471336,1.1673102721010538,1.1873657034902052,0.24455312755104425,0.8294090683639391,0.7473452730410972,False,0,False,0,1.0,READY,PHYSICAL,0,0.0963200000114739
step_reference,19030,281,311,2.81,3.11,0.31,NORMAL,NORMAL,0.22428877409198397,0.5868335657744685,0.5948657215891776,0.21623364968349726,0.7052760385418186,0.6786140939931294,False,0,False,0,1.0,READY,PHYSICAL,0,0.052038709620847515
step_reference,19030,312,325,3.12,3.25,0.14,AMBIGUOUS,NORMAL,0.2128620218826011,0.2325789502786364,0.13912750504278953,0.23214544042429136,0.5494900151964263,0.5146598981940798,False,0,False,0,1.0,READY,PHYSICAL,0,0.05820000010966656
step_reference,19030,326,357,3.2600000000000002,3.5700000000000003,0.32,NORMAL,NORMAL,0.21938826831932534,0.41116822881883963,0.36771106580503043,0.2150705168958707,0.43787729498561545,0.399008090794685,False,0,False,0,1.0,READY,PHYSICAL,0,0.06324999998241765
step_reference,19030,358,367,3.58,3.67,0.1,AMBIGUOUS,NORMAL,0.2616086754108899,0.40641531506820316,0.27427671766784345,0.24496991492746675,0.3929437252738958,0.3034639252952313,False,0,False,0,1.0,READY,PHYSICAL,0,0.0643399993350613
step_reference,19030,368,526,3.68,5.26,1.59,NORMAL,NORMAL,0.19744836312862396,0.31201719454246535,0.26401336031357514,0.19557909971275514,0.31761246991924913,0.26953078736284575,True,1,False,0,1.0,READY,PHYSICAL,0,0.05691949676554987
step_reference,19030,527,535,5.2700000000000005,5.3500000000000005,0.09,AMBIGUOUS,NORMAL,0.28016846230910475,0.35625116284514274,0.4537726848230829,0.2623725210817779,0.34706876049936575,0.323953392993727,False,0,False,0,1.0,READY,PHYSICAL,0,0.054200000603385784
step_reference,19030,536,600,5.36,6.0,0.65,NORMAL,NORMAL,0.20419753631800006,0.2791217740980401,0.2142208591971004,0.21714355760684576,0.28739151473261537,0.23360369359250285,False,0,False,0,1.0,READY,PHYSICAL,0,0.060866153944516554
changing_reference,19026,20,160,0.2,1.6,1.41,AMBIGUOUS,AMBIGUOUS,0.22513114068272866,1.9866379602174438,2.004680424803493,0.05371378820271944,1.145013573850784,1.154081402588528,False,0,False,0,0.07801418439716312,STARTUP_BLANKING,PHYSICAL,0,0.03386737588575896
changing_reference,19026,161,212,1.61,2.12,0.52,NORMAL,NORMAL,0.1998952389837652,0.691310882270457,0.7231176764724576,0.16249751047733157,0.8676365545205665,0.8996633694064394,False,0,False,0,1.0,READY,PHYSICAL,0,0.057828846015931606
changing_reference,19026,213,225,2.13,2.25,0.13,AMBIGUOUS,NORMAL,0.2093090285579579,0.39665999975297667,0.31712906875559127,0.1996889535819049,0.7122132579706604,0.7211752560151604,False,0,False,0,1.0,READY,PHYSICAL,0,0.05873846147061648
changing_reference,19026,226,257,2.2600000000000002,2.57,0.32,NORMAL,NORMAL,0.19066000021945673,1.5065929656916328,1.4813651810690804,0.18932156513431087,0.8678384307133319,0.8448297007297022,False,0,False,0,1.0,READY,PHYSICAL,0,0.06069062487767951
changing_reference,19026,258,269,2.58,2.69,0.12,AMBIGUOUS,AMBIGUOUS,0.27631113196911095,2.356305238309617,2.3255698508467653,0.22712477937488448,1.9077863333950422,1.8861438582315067,False,0,False,0,1.0,READY,PHYSICAL,0,0.05876666667366711
changing_reference,19026,270,300,2.7,3.0,0.31,NORMAL,NORMAL,0.2304955424029505,0.6048725376784986,0.6308339576530123,0.2210042202618572,1.2631213995344672,1.2590488565240494,False,0,False,0,1.0,READY,PHYSICAL,0,0.0585193548988994
changing_reference,19026,301,314,3.0100000000000002,3.14,0.14,AMBIGUOUS,NORMAL,0.2944527947791999,0.5123427717373593,0.5694686080656213,0.2686628601336133,0.7022411906369826,0.7397977741951164,False,0,False,0,1.0,READY,PHYSICAL,0,0.06191428578209265
changing_reference,19026,315,332,3.15,3.3200000000000003,0.18,NORMAL,NORMAL,0.23743260742643457,0.3477059300733707,0.29818736578035715,0.24580595104390213,0.5910234047234334,0.6129298631111239,False,0,False,0,1.0,READY,PHYSICAL,0,0.0490166670109223
changing_reference,19026,333,345,3.33,3.45,0.13,AMBIGUOUS,NORMAL,0.21581190881979934,0.7098561989077089,0.7715120575617684,0.24652192799690084,0.5150160370205936,0.5209048879376248,False,0,False,0,1.0,READY,PHYSICAL,0,0.05997692334438817
changing_reference,19026,346,393,3.46,3.93,0.48,NORMAL,NORMAL,0.19806778413209614,0.3982413621607737,0.39382671405784925,0.20870782152719844,0.4792987171303022,0.47433204329486517,False,0,False,0,1.0,READY,PHYSICAL,0,0.06517083340895624
changing_reference,19026,394,398,3.94,3.98,0.05,AMBIGUOUS,NORMAL,0.17876910322816855,0.8660972744578217,0.8109851149501722,0.21181044733606375,0.4827046030543191,0.47047694579728266,False,0,False,0,1.0,READY,PHYSICAL,0,0.05289999935484957
changing_reference,19026,399,406,3.99,4.0600000000000005,0.08,NORMAL,NORMAL,0.25225723484560536,0.8100501627430097,0.8376218961634478,0.20543067234665383,0.5970949683335057,0.5808642169907179,False,0,False,0,1.0,READY,PHYSICAL,0,0.05642500013891549
changing_reference,19026,407,424,4.07,4.24,0.18,AMBIGUOUS,NORMAL,0.17677029941267483,2.240445072516724,2.2066590447633545,0.21227170790668956,1.1049518903839823,1.0923886144459733,False,0,False,0,1.0,READY,PHYSICAL,0,0.051555555324335325
changing_reference,19026,425,449,4.25,4.49,0.25,NORMAL,NORMAL,0.25525213674648567,1.5942837692434273,1.5549523273016845,0.1966129370547221,1.620325734958841,1.605507838982168,False,0,False,0,1.0,READY,PHYSICAL,0,0.06086000008508563
changing_reference,19026,450,454,4.5,4.54,0.05,AMBIGUOUS,NORMAL,0.24183888738303666,1.764215923804597,1.7858282518052129,0.2591568444664411,1.6521981454606212,1.63756943187462,False,0,False,0,1.0,READY,PHYSICAL,0,0.04569999946397729
changing_reference,19026,455,481,4.55,4.8100000000000005,0.27,NORMAL,NORMAL,0.20814020342990075,1.4402188996919483,1.4844261226745663,0.24196541459563828,1.5283615871725695,1.5393485389261974,False,0,False,0,1.0,READY,PHYSICAL,0,0.05563333333056006
changing_reference,19026,482,496,4.82,4.96,0.15,AMBIGUOUS,NORMAL,0.2233790235809612,1.8014443614161928,1.8351428794476263,0.21914393787339728,1.7333087699503313,1.76710766038929,False,0,False,0,1.0,READY,PHYSICAL,0,0.05378666683100164
changing_reference,19026,497,568,4.97,5.68,0.72,NORMAL,NORMAL,0.2619722015092376,0.4339599510530369,0.44916036912278706,0.24991267386414526,0.7346912732186551,0.7609122958809011,False,0,False,0,1.0,READY,PHYSICAL,0,0.06236666662415599
changing_reference,19026,569,573,5.69,5.73,0.05,AMBIGUOUS,NORMAL,0.21223623562424904,0.2809815741302771,0.26102700824452685,0.2555743609452518,0.4456550924092307,0.42102338659632393,False,0,False,0,1.0,READY,PHYSICAL,0,0.07016000017756596
changing_reference,19026,574,600,5.74,6.0,0.27,NORMAL,NORMAL,0.2329715541223173,0.30501298695270196,0.1819056439859563,0.2437107166458049,0.36280822136369534,0.296092319229409,False,0,False,0,1.0,READY,PHYSICAL,0,0.054318518474853285
changing_reference,19027,20,159,0.2,1.59,1.4000000000000001,AMBIGUOUS,AMBIGUOUS,0.22136865431677868,1.9556629889247397,1.9672286181503942,0.08052280934207698,0.9849964948614129,0.9702763226756275,False,0,False,0,0.07142857142857142,STARTUP_BLANKING,PHYSICAL,0,0.034696428649892495
changing_reference,19027,160,178,1.6,1.78,0.19,NORMAL,NORMAL,0.2618459723677091,0.852297534366605,0.827244926314749,0.1558699761721678,1.0679451553098296,1.0591443765125892,False,0,False,0,1.0,READY,PHYSICAL,0,0.04931578960646508
changing_reference,19027,179,183,1.79,1.83,0.05,AMBIGUOUS,NORMAL,0.22820506021200798,1.3241975569729256,1.2644774262775322,0.2265988037657382,0.9676482481165968,0.9213121354225076,False,0,False,0,1.0,READY,PHYSICAL,0,0.06577999956789427
changing_reference,19027,184,252,1.84,2.52,0.6900000000000001,NORMAL,NORMAL,0.2557636930968215,0.966267276220092,0.9559211566860717,0.2503337745157086,0.8298612770142287,0.8181141629897588,False,0,False,0,1.0,READY,PHYSICAL,0,0.05372608699173619
changing_reference,19027,253,265,2.5300000000000002,2.65,0.13,AMBIGUOUS,AMBIGUOUS,0.18363368738059138,2.7769218353731073,2.806228505374913,0.22783623251842838,1.8999256711267642,1.8876879422908859,False,0,False,0,1.0,READY,PHYSICAL,0,0.042853845745692246
changing_reference,19027,266,275,2.66,2.75,0.1,NORMAL,NORMAL,0.2566071043144703,1.028928357017118,0.9367813853508608,0.20730016263281342,1.90050206429108,1.8720213505150298,False,0,False,0,1.0,READY,PHYSICAL,0,0.07725999985268572
changing_reference,19027,276,285,2.7600000000000002,2.85,0.1,AMBIGUOUS,NORMAL,0.29098333425247136,0.519227754397199,0.5308035264365969,0.25513782200971524,1.344695031351272,1.3236739303842184,False,0,False,0,1.0,READY,PHYSICAL,0,0.06213999949977733
changing_reference,19027,286,299,2.86,2.99,0.14,NORMAL,NORMAL,0.21274726939493963,0.6233868095590981,0.5942663317778916,0.22669168244371393,1.0645529165086465,1.0444245894990385,False,0,False,0,1.0,READY,PHYSICAL,0,0.06232142862115454
changing_reference,19027,300,308,3.0,3.08,0.09,AMBIGUOUS,NORMAL,0.24010421238062207,0.4380522133919066,0.492971461921582,0.24635744125282255,0.791925988120585,0.776517921375699,False,0,False,0,1.0,READY,PHYSICAL,0,0.05794444425393724
changing_reference,19027,309,320,3.09,3.2,0.12,NORMAL,NORMAL,0.2964238900278981,0.9512114865399232,0.9714058665905559,0.25058614632523896,0.7809829951502775,0.7844403146735458,False,0,False,0,1.0,READY,PHYSICAL,0,0.06324166633930872
changing_reference,19027,321,325,3.21,3.25,0.05,AMBIGUOUS,NORMAL,0.1461499797270065,0.963342715741662,0.9516051447342363,0.25308293103543655,0.8450780592274963,0.8474774426671162,False,0,False,0,1.0,READY,PHYSICAL,0,0.06337999948300421
changing_reference,19027,326,349,3.2600000000000002,3.49,0.24,NORMAL,NORMAL,0.23791073840503665,0.7756284526754135,0.8089389877555817,0.23221048596218605,0.7795899932272747,0.8202138441120961,False,0,False,0,1.0,READY,PHYSICAL,0,0.06227916674106382
changing_reference,19027,350,358,3.5,3.58,0.09,AMBIGUOUS,NORMAL,0.26391930001157565,0.6852812134999134,0.7958177161271441,0.26424222740038034,0.8250068590020725,0.8534246375406114,False,0,False,0,1.0,READY,PHYSICAL,0,0.059944443920459084
changing_reference,19027,359,392,3.59,3.92,0.34,NORMAL,NORMAL,0.2528137412067333,0.5728595044908387,0.5239367993933907,0.24229074398167433,0.602759461899524,0.6023783966259151,False,0,False,0,1.0,READY,PHYSICAL,0,0.058035293852085224
changing_reference,19027,393,397,3.93,3.97,0.05,AMBIGUOUS,NORMAL,0.26791894637850644,1.0430597700279036,1.2702491214523746,0.27041404619753096,0.7688308801794383,0.7669507486523244,False,0,False,0,1.0,READY,PHYSICAL,0,0.05903999990550801
changing_reference,19027,398,417,3.98,4.17,0.2,NORMAL,NORMAL,0.24365998471923156,1.5112337624474694,1.4817365438600418,0.25710802547903305,1.0175997868869449,0.9998866227371904,False,0,False,0,1.0,READY,PHYSICAL,0,0.05338000000847387
changing_reference,19027,418,427,4.18,4.2700000000000005,0.1,AMBIGUOUS,AMBIGUOUS,0.17793355723297283,2.707068701154302,2.657370422964596,0.22792949551524067,1.6675013643507075,1.666714752883836,False,0,False,0,1.0,READY,PHYSICAL,0,0.06103000014263671
changing_reference,19027,428,509,4.28,5.09,0.8200000000000001,NORMAL,NORMAL,0.2272079436375348,1.470269465721096,1.460553733041157,0.2228373156577136,1.6205871475195166,1.6176802453146424,False,0,False,0,1.0,READY,PHYSICAL,0,0.062345121877137345
changing_reference,19027,510,538,5.1000000000000005,5.38,0.29,AMBIGUOUS,NORMAL,0.30948112892932533,0.7125901186853156,0.6643675776679167,0.28581343570592754,0.9883804528964439,0.9286678204854151,False,0,False,0,1.0,READY,PHYSICAL,0,0.0510413794535421
changing_reference,19027,539,553,5.39,5.53,0.15,NORMAL,NORMAL,0.3553138216020706,0.4367748761166226,0.39115950392251264,0.30288074236102697,0.6830025137565962,0.6503558650918023,False,0,False,0,1.0,READY,PHYSICAL,0,0.045479999971576035
changing_reference,19027,554,558,5.54,5.58,0.05,AMBIGUOUS,NORMAL,0.16595315984816922,0.6205446688394822,0.6418052054498482,0.30271604739437485,0.6113481172735543,0.5676867176069404,False,0,False,0,1.0,READY,PHYSICAL,0,0.10684000080800615
changing_reference,19027,559,600,5.59,6.0,0.42,NORMAL,NORMAL,0.2168796706916741,0.28550211598118946,0.255303052405666,0.24904698293612623,0.4126468389180601,0.38165463739813754,False,0,False,0,1.0,READY,PHYSICAL,0,0.07010714290074593
changing_reference,19028,20,156,0.2,1.56,1.37,AMBIGUOUS,AMBIGUOUS,0.23011901237257748,1.9681326319257153,1.9823292760897318,0.06788200347084111,1.0173924389802527,1.082559077449532,False,0,False,0,0.051094890510948905,STARTUP_BLANKING,PHYSICAL,0,0.03861094905483285
changing_reference,19028,157,232,1.57,2.32,0.76,NORMAL,NORMAL,0.22273870235521193,0.7656711710632986,0.7099400759503102,0.18745889765587814,0.8942761061585607,0.8838675154051366,False,0,False,0,1.0,READY,PHYSICAL,0,0.05462631574310332
changing_reference,19028,233,293,2.33,2.93,0.61,AMBIGUOUS,AMBIGUOUS,0.2515974805428194,1.5705295174492642,1.5360705458082409,0.24826778172098504,1.4125625263462398,1.3592760152020398,False,0,False,0,1.0,READY,PHYSICAL,0,0.05808524587873912
changing_reference,19028,294,320,2.94,3.2,0.27,NORMAL,NORMAL,0.2935794357067257,0.6203071333847442,0.6413986516143839,0.25433918987606663,0.7830587385842802,0.7815692121857856,False,0,False,0,1.0,READY,PHYSICAL,0,0.06121851860101473
changing_reference,19028,321,325,3.21,3.25,0.05,AMBIGUOUS,NORMAL,0.2232550511733109,0.8300421391097345,0.9325979258972709,0.28508427269335496,0.7960424532877115,0.8076411517964146,False,0,False,0,1.0,READY,PHYSICAL,0,0.05467999981192406
changing_reference,19028,326,333,3.2600000000000002,3.33,0.08,NORMAL,NORMAL,0.32642275715998714,0.5802803298821182,0.6042662725573589,0.28623921166071764,0.7909688914409772,0.8058583867529863,False,0,False,0,1.0,READY,PHYSICAL,0,0.03947499931200582
changing_reference,19028,334,357,3.34,3.5700000000000003,0.24,AMBIGUOUS,NORMAL,0.2815977741010715,1.057459648894339,1.0906572209381915,0.28873374077809505,0.9464404201360733,0.965831585369016,False,0,False,0,1.0,READY,PHYSICAL,0,0.04698749974825963
changing_reference,19028,358,419,3.58,4.19,0.62,NORMAL,NORMAL,0.22858603062965127,0.9365033674586017,0.9164864372692068,0.23669842690879614,0.7428353047522229,0.7414858069194353,False,0,False,0,1.0,READY,PHYSICAL,0,0.050603225968042086
changing_reference,19028,420,434,4.2,4.34,0.15,AMBIGUOUS,NORMAL,0.2466727425554571,2.0209877094785456,2.034688886552906,0.2485968167154481,1.743321520435402,1.7245384084312543,False,0,False,0,1.0,READY,PHYSICAL,0,0.058320000122572914
changing_reference,19028,435,460,4.3500000000000005,4.6000000000000005,0.26,NORMAL,NORMAL,0.25805596831064964,1.6500538726728957,1.6275293465427876,0.24274250516190307,1.626579924914923,1.6118218525559074,False,0,False,0,1.0,READY,PHYSICAL,0,0.0584615383838984
changing_reference,19028,461,473,4.61,4.73,0.13,AMBIGUOUS,NORMAL,0.2509485491449065,1.0562923082447828,1.084793230310431,0.2705330430444301,1.606644780233632,1.6191434323011114,False,0,False,0,1.0,READY,PHYSICAL,0,0.04451538482568979
changing_reference,19028,474,535,4.74,5.3500000000000005,0.62,NORMAL,NORMAL,0.22317201220178068,1.0304766326514614,1.0191367960843107,0.22747722374114332,1.2409998914889804,1.2306094956747042,False,0,False,0,1.0,READY,PHYSICAL,0,0.057727419340564315
changing_reference,19028,536,540,5.36,5.4,0.05,AMBIGUOUS,NORMAL,0.20535494258362091,0.5588888898239162,0.5939289091237967,0.24414679799777175,0.6678400816851356,0.6585729741350715,False,0,False,0,1.0,READY,PHYSICAL,0,0.06279999979597051
changing_reference,19028,541,600,5.41,6.0,0.6,NORMAL,NORMAL,0.21841234348897262,0.4576979322965099,0.41872202673993314,0.22580290294424632,0.5543813497715457,0.5326778328527844,False,0,False,0,1.0,READY,PHYSICAL,0,0.05979000006846036
changing_reference,19029,20,153,0.2,1.53,1.34,AMBIGUOUS,AMBIGUOUS,0.22324836563646255,1.9572864652767428,1.9797032110822683,0.18466368554474974,0.7157066440616233,0.9003703296063731,False,0,False,0,0.029850746268656716,STARTUP_BLANKING,PHYSICAL,0,0.03658432832531589
changing_reference,19029,154,174,1.54,1.74,0.21,NORMAL,NORMAL,0.2803305966477264,1.0476605973279394,1.0143751851959106,0.23377734695849012,0.9291828798383025,1.025241359703729,False,0,False,0,1.0,READY,PHYSICAL,0,0.06722857142449357
changing_reference,19029,175,181,1.75,1.81,0.07,AMBIGUOUS,NORMAL,0.23102128954882062,0.9537690123840034,0.8358097380103447,0.24255439431887713,0.8337269576148699,0.8424500756452993,False,0,False,0,1.0,READY,PHYSICAL,0,0.047971428492538895
changing_reference,19029,182,254,1.82,2.54,0.73,NORMAL,NORMAL,0.21437219428652116,1.096330242198193,1.0614382771246629,0.22530460675300723,0.8845190282239032,0.8559525263190307,False,0,False,0,1.0,READY,PHYSICAL,0,0.055198630085613654
changing_reference,19029,255,269,2.5500000000000003,2.69,0.15,AMBIGUOUS,AMBIGUOUS,0.2804449867935972,2.6032906016129544,2.571793789842462,0.22651213446442595,2.0751901028062782,2.033614435297855,False,0,False,0,1.0,READY,PHYSICAL,0,0.05390666628954932
changing_reference,19029,270,272,2.7,2.72,0.03,NORMAL,AMBIGUOUS,0.3274827551280121,0.7465613371760279,0.7834014049547543,0.2357197472148892,1.9815483962207587,1.9735192050647317,False,0,False,0,1.0,READY,PHYSICAL,0,0.04369999987829942
changing_reference,19029,273,278,2.73,2.7800000000000002,0.06,AMBIGUOUS,NORMAL,0.17880818507790508,0.32360021699273983,0.3383329985332277,0.24470107347931525,1.6695681376165117,1.6558394873899849,False,0,False,0,1.0,READY,PHYSICAL,0,0.05160000030931163
changing_reference,19029,279,293,2.79,2.93,0.15,NORMAL,NORMAL,0.21033844988526815,0.8402883642929718,0.8189723545685188,0.21339561468644558,1.26524325698233,1.2642154119108924,False,0,False,0,1.0,READY,PHYSICAL,0,0.06875999994614783
changing_reference,19029,294,298,2.94,2.98,0.05,AMBIGUOUS,NORMAL,0.23746138744879913,0.19502156063863083,0.10572414192505022,0.23027456292927218,1.0234688193562886,0.9985711794289509,False,0,False,0,1.0,READY,PHYSICAL,0,0.06579999935638625
changing_reference,19029,299,410,2.99,4.1,1.12,NORMAL,NORMAL,0.21830944250199355,1.0207808667670029,1.027488121393347,0.2177289016096728,0.9842967780993348,0.986267937797109,False,0,False,0,1.0,READY,PHYSICAL,0,0.059821428440695205
changing_reference,19029,411,600,4.11,6.0,1.9000000000000001,AMBIGUOUS,AMBIGUOUS,0.7931423458679825,1.1361590841810618,1.3978161757593939,0.23449009790823624,1.6536623260025065,1.641076822978032,True,164,False,0,0.15263157894736842,INSUFFICIENT_TRUSTED_HISTORY,MAIN_VIRTUAL,1,0.03094789468664921
changing_reference,19030,20,153,0.2,1.53,1.34,AMBIGUOUS,AMBIGUOUS,0.2433211930922313,2.0006881360555804,2.016381918007586,0.16506065301027512,0.6047159769347425,0.7496744540994573,False,0,False,0,0.029850746268656716,STARTUP_BLANKING,PHYSICAL,0,0.03136417912336678
changing_reference,19030,154,251,1.54,2.5100000000000002,0.98,NORMAL,NORMAL,0.20097353772424867,1.0541726870365493,1.0327122229343801,0.19441565103045244,0.8641749201302307,0.8681741378495563,False,0,False,0,1.0,READY,PHYSICAL,0,0.042353061147952425
changing_reference,19030,252,280,2.52,2.8000000000000003,0.29,AMBIGUOUS,AMBIGUOUS,0.2462289737431948,1.7938961233791255,1.7823742097617497,0.22739591997156486,1.9352363265548642,1.9194516773900996,False,0,False,0,1.0,READY,PHYSICAL,0,0.0417586206508688
changing_reference,19030,281,311,2.81,3.11,0.31,NORMAL,NORMAL,0.2187190157231552,0.6441703148025671,0.5905643103402969,0.21538241710967662,1.0342031932505626,1.0186254305175113,False,0,False,0,1.0,READY,PHYSICAL,0,0.036248387151581775
changing_reference,19030,312,325,3.12,3.25,0.14,AMBIGUOUS,NORMAL,0.21556670932799094,1.2313023068129323,1.2743075392304253,0.22969877047992818,0.8910787377384949,0.8697521509016267,False,0,False,0,1.0,READY,PHYSICAL,0,0.03630714296117991
changing_reference,19030,326,357,3.2600000000000002,3.5700000000000003,0.32,NORMAL,NORMAL,0.22067041769901397,0.9168598076783578,0.9607673024074308,0.21574814779237808,0.972688895517354,0.980261158280956,False,0,False,0,1.0,READY,PHYSICAL,0,0.037893750004514004
changing_reference,19030,358,367,3.58,3.67,0.1,AMBIGUOUS,NORMAL,0.25945207369981205,0.26605639520408814,0.2203187437486001,0.24516446532706054,0.773723328370378,0.8017591965169553,False,0,False,0,1.0,READY,PHYSICAL,0,0.05095000069559319
changing_reference,19030,368,416,3.68,4.16,0.49,NORMAL,NORMAL,0.1983212309150478,1.0205970932434048,0.9843493715338121,0.22606025655313794,0.7599966764030859,0.7340695382547702,True,1,False,0,1.0,READY,PHYSICAL,0,0.043102040781748806
changing_reference,19030,417,425,4.17,4.25,0.09,AMBIGUOUS,AMBIGUOUS,0.16589080458488326,2.595972528880856,2.6889090056866434,0.1628968895518296,1.6344009817633294,1.6403600065348856,False,0,False,0,1.0,READY,PHYSICAL,0,0.03933333371403731
changing_reference,19030,426,526,4.26,5.26,1.01,NORMAL,NORMAL,0.19810107028288104,1.2065345035812072,1.1979706087494761,0.18194693486466362,1.4050336997341526,1.4065370563448951,False,0,False,0,1.0,READY,PHYSICAL,0,0.04435049505436927
changing_reference,19030,527,535,5.2700000000000005,5.3500000000000005,0.09,AMBIGUOUS,NORMAL,0.28331956315407086,0.8164272177679202,0.7307924588544638,0.26278985018475676,0.7135215202105887,0.6615609003272125,False,0,False,0,1.0,READY,PHYSICAL,0,0.03371111112452733
changing_reference,19030,536,558,5.36,5.58,0.23,NORMAL,NORMAL,0.2084358491807144,0.8279690672066647,0.8487180653860243,0.2344584841588456,0.827229706339633,0.8143819830477486,False,0,False,0,1.0,READY,PHYSICAL,0,0.04091739166419164
changing_reference,19030,559,564,5.59,5.64,0.06,AMBIGUOUS,NORMAL,0.17872401901006066,0.33231110371937983,0.34135436773703215,0.22697040428838045,0.7047704929648719,0.7002781547299145,False,0,False,0,1.0,READY,PHYSICAL,0,0.06223333336189777
changing_reference,19030,565,600,5.65,6.0,0.36,NORMAL,NORMAL,0.20731030281845886,0.26434366445763086,0.20787921789195007,0.2060314114610939,0.4455152828541744,0.417395016358043,False,0,False,0,1.0,READY,PHYSICAL,0,0.03265833346530497
