controller,scenario,seed,overall_rmse,overall_mae,fault_window_rmse,recovery_latency_s,reliability_entries,recovery_events,false_recovery_events,sub_duration_s,sub_fraction,switches,avg_episode_duration_s,frac_phys,frac_main,frac_aux,frac_fb,event_frac_aux,event_frac_fb,control_effort_u2,control_variation_du2,voltage_violations,rate_violations,optimizer_failures,main_prediction_failures,aux_prediction_failures,prediction_failure_messages,nonfinite_events,mean_solve_ms,mean_aux_inference_ms,mean_reliability_update_ms,mean_arbitration_ms,mean_extension_ms,mean_control_compute_ms,sim_time_s,main_virtual_rmse,main_virtual_mae,aux_virtual_rmse,aux_virtual_mae,selected_virtual_rmse,selected_virtual_mae,corrupted_rmse,corrupted_mae,sub_samples,genuine_sensor_fault_entries,genuine_sensor_fault_entries_permitted,false_sensor_fault_entries,suppressed_entry_count,suppressed_candidate_samples,suppressed_false_entry_count,suppressed_false_entries,genuine_sensor_fault_suppressed,genuine_sensor_fault_entries_suppressed,suppression_episodes,attributor_suppression_episodes,c3_candidate_samples,c3_new_entry_candidate_samples,attribution_switches,mean_attribution_dwell_s,auxiliary_misuse_events,aux_selected_while_witness_unready_samples,aux_witness_ready_fraction,untrusted_aux_fraction,untrusted_aux_candidate_samples,mean_attribution_ms,median_attribution_ms,p95_attribution_ms,p99_attribution_ms,attr_frac_normal,attr_frac_likely_sensor_fault,attr_frac_likely_plant_or_main_mismatch,attr_frac_likely_aux_mismatch,attr_frac_ambiguous,detection_latency_s,detected_event,sensor_fault_detected
B_plain_MPC,changing_reference,19026,7.276291670404863,4.224700746530063,7.276291670404863,,0,0.0,0.0,0.0,0.0,0,6.0,1.0,0.0,0.0,0.0,0.0,0.0,6480.822694674993,205.57074586636503,0,0,0,0,0,,0,84.71246942162381,0.0,0.0,0.0,0.0,84.73504876035969,10.770831000001635,,,,,,,,,0,0.0,0.0,0.0,0,0,0,0,0,0,0,0,,,,,0,,,,,,,,,,,,,,,,
C3_arbitration_MPC,changing_reference,19026,7.276291670404863,4.224700746530063,7.276291670404863,,0,0.0,0.0,0.0,0.0,0,6.0,1.0,0.0,0.0,0.0,0.0,0.0,6480.822694674993,205.57074586636503,0,0,0,0,0,,0,87.04211652889359,0.4044672978046894,0.009704647156856344,0.006288984533368887,0.4204609294949146,87.06467520664586,11.307863399999405,,,,,,,,,0,0.0,0.0,0.0,0,0,0,0,0,0,0,0,,,,,0,,,,,,,,,,,,,,,,
C4_attribution_MPC,changing_reference,19026,7.276291670404863,4.224700746530063,7.276291670404863,,0,,,0.0,0.0,0,6.0,1.0,0.0,0.0,0.0,0.0,0.0,6480.822694674993,205.57074586636503,0,0,0,0,0,,0,86.67614462809836,0.42254371772400123,0.008004130846817767,0.005619105030215472,0.48896385548801524,86.7009132233468,11.328113000001395,,,,,,,,,0,0.0,0.0,0.0,0,0,0,0,0,0,0,0,0.0,0.0,19.0,0.29050000000000004,0,0.0,0.7762478485370051,0.22375215146299485,0.0,0.052796901886980774,0.05410000085248612,0.0808000004326459,0.09903999998641669,0.5851979345955249,0.0,0.0,0.0,0.41480206540447506,,,
B_plain_MPC,changing_reference,19027,7.182593774073718,4.225342891578801,7.182593774073718,,0,0.0,0.0,0.0,0.0,0,6.0,1.0,0.0,0.0,0.0,0.0,0.0,6657.148829726117,218.17960161514273,0,0,0,0,0,,0,81.50778512387383,0.0,0.0,0.0,0.0,81.53226528932366,10.41060909999942,,,,,,,,,0,0.0,0.0,0.0,0,0,0,0,0,0,0,0,,,,,0,,,,,,,,,,,,,,,,
C3_arbitration_MPC,changing_reference,19027,7.182593774073718,4.225342891578801,7.182593774073718,,0,0.0,0.0,0.0,0.0,0,6.0,1.0,0.0,0.0,0.0,0.0,0.0,6657.148829726117,218.17960161514273,0,0,0,0,0,,0,76.95319917350818,0.4061705679770228,0.009411531810591834,0.005966609299253823,0.4215487090868684,76.97464297512656,10.073035200000959,,,,,,,,,0,0.0,0.0,0.0,0,0,0,0,0,0,0,0,,,,,0,,,,,,,,,,,,,,,,
C4_attribution_MPC,changing_reference,19027,7.182593774073718,4.225342891578801,7.182593774073718,,0,,,0.0,0.0,0,6.0,1.0,0.0,0.0,0.0,0.0,0.0,6657.148829726117,218.17960161514273,0,0,0,0,0,,0,80.12748264462228,0.4087664371915352,0.007789845088165792,0.0057516351360785605,0.47563889846078977,80.15404958678118,10.517091899999286,,,,,,,,,0,0.0,0.0,0.0,0,0,0,0,0,0,0,0,0.0,0.0,21.0,0.2640909090909091,0,0.0,0.7762478485370051,0.22375215146299485,0.0,0.05333098104501022,0.052600000344682485,0.08440000055998098,0.12137999947299263,0.5869191049913941,0.0,0.0,0.0,0.41308089500860584,,,
B_plain_MPC,changing_reference,19028,7.146432138501082,4.159098272854395,7.146432138501082,,0,0.0,0.0,0.0,0.0,0,6.0,1.0,0.0,0.0,0.0,0.0,0.0,6592.735590616078,213.5141668256268,0,0,0,0,0,,0,85.5702404959261,0.0,0.0,0.0,0.0,85.59326033059169,10.88172669999949,,,,,,,,,0,0.0,0.0,0.0,0,0,0,0,0,0,0,0,,,,,0,,,,,,,,,,,,,,,,
C3_arbitration_MPC,changing_reference,19028,7.146432138501082,4.159098272854395,7.146432138501082,,0,0.0,0.0,0.0,0.0,0,6.0,1.0,0.0,0.0,0.0,0.0,0.0,6592.735590616078,213.5141668256268,0,0,0,0,0,,0,80.51673140495447,0.3968592082791867,0.009672805481230064,0.0059352840099859625,0.41246729777040275,80.53753636355877,10.495980699999564,,,,,,,,,0,0.0,0.0,0.0,0,0,0,0,0,0,0,0,,,,,0,,,,,,,,,,,,,,,,
C4_attribution_MPC,changing_reference,19028,7.146432138501082,4.159098272854395,7.146432138501082,,0,,,0.0,0.0,0,6.0,1.0,0.0,0.0,0.0,0.0,0.0,6592.735590616078,213.5141668256268,0,0,0,0,0,,0,82.96002396683953,0.4092027538498802,0.007598278807720014,0.005586574862403763,0.4739292598781921,82.98517768602593,10.851142100000288,,,,,,,,,0,0.0,0.0,0.0,0,0,0,0,0,0,0,0,0.0,0.0,13.0,0.41500000000000004,0,0.0,0.7762478485370051,0.22375215146299485,0.0,0.05154165235818817,0.05210000017541461,0.07790000017848797,0.09903999998641669,0.5524956970740104,0.0,0.0,0.0,0.4475043029259897,,,
B_plain_MPC,changing_reference,19029,7.119224157758013,4.242969810199028,7.119224157758013,,0,0.0,0.0,0.0,0.0,0,6.0,1.0,0.0,0.0,0.0,0.0,0.0,6719.412302988122,224.3993058485749,0,0,0,0,0,,0,79.59737438021658,0.0,0.0,0.0,0.0,79.61910082640541,10.124486900000193,,,,,,,,,0,0.0,0.0,0.0,0,0,0,0,0,0,0,0,,,,,0,,,,,,,,,,,,,,,,
C3_arbitration_MPC,changing_reference,19029,7.129066112943218,4.339782487861706,7.129066112943218,,1,0.0,0.0,1.6400000000000001,0.27287853577371046,1,3.0,0.7271214642262895,0.27287853577371046,0.0,0.0,0.0,0.0,6646.527369999924,216.68623766879676,0,0,0,0,0,,0,72.70130495871403,0.395339586886837,0.009567642049027788,0.006593631608724248,0.411500860544589,72.72619256202069,9.548606199999995,0.9037749696288007,0.8928616594141612,1.2146087827543384,0.9617054870196191,0.9037749696288007,0.8928616594141612,0.25563312055614257,0.20274143736365757,164,0.0,0.0,1.0,0,0,0,0,0,0,0,0,,,,,0,,,,,,,,,,,,,,,,
C4_attribution_MPC,changing_reference,19029,7.129066112943218,4.339782487861706,7.129066112943218,,1,,,1.6400000000000001,0.27287853577371046,1,3.0,0.7271214642262895,0.27287853577371046,0.0,0.0,0.0,0.0,6646.527369999924,216.68623766879676,0,0,0,0,0,,0,73.7921462810951,0.4056450946237934,0.007580206493660527,0.0060316695440843105,0.4637822717955032,73.8194958678434,9.735140599999795,0.9037749696288007,,1.2146087827543384,,0.9037749696288007,,0.25563312055614257,,164,0.0,0.0,1.0,0,0,0,0,0,0,0,0,164.0,3.0,10.0,0.5281818181818182,0,0.0,0.4991394148020654,0.5008605851979346,161.0,0.04452530113396495,0.03710000055434648,0.0824999988253694,0.10318000022380162,0.3855421686746988,0.0,0.0,0.0,0.6144578313253012,,,
B_plain_MPC,changing_reference,19030,7.101282117097734,4.157071775921652,7.101282117097734,,0,0.0,0.0,0.0,0.0,0,6.0,1.0,0.0,0.0,0.0,0.0,0.0,6631.4741890929945,209.63355859226746,0,0,0,0,0,,0,74.74202975195224,0.0,0.0,0.0,0.0,74.76362727265199,9.542126899999857,,,,,,,,,0,0.0,0.0,0.0,0,0,0,0,0,0,0,0,,,,,0,,,,,,,,,,,,,,,,
C3_arbitration_MPC,changing_reference,19030,7.101282117097714,4.157071775921646,7.101282117097714,,0,0.0,0.0,0.01,0.0016638935108153079,2,2.0,0.9983361064891847,0.0016638935108153079,0.0,0.0,0.0,0.0,6631.4741890929945,209.63355859227235,0,0,0,0,0,,0,70.97208842971352,0.38036506025249056,0.00911462993889333,0.005603786569058441,0.3950834767604423,70.99266942142914,9.30791230000068,0.23115025963298308,0.23115025963298308,0.6406071120136261,0.6406071120136261,0.23115025963298308,0.23115025963298308,0.7702143605688292,0.7702143605688292,1,0.0,0.0,0.0,0,0,0,0,0,0,0,0,,,,,0,,,,,,,,,,,,,,,,
C4_attribution_MPC,changing_reference,19030,7.101282117097714,4.157071775921646,7.101282117097714,,0,,,0.01,0.0016638935108153079,2,2.0,0.9983361064891847,0.0016638935108153079,0.0,0.0,0.0,0.0,6631.4741890929945,209.63355859227235,0,0,0,0,0,,0,61.4051297520182,0.3314440619571304,0.005808089504100778,0.00433941483345338,0.3805889845730055,61.42570330572078,8.08164620000025,0.23115025963298308,,0.6406071120136261,,0.23115025963298308,,0.7702143605688292,,1,0.0,0.0,0.0,0,0,0,0,0,0,0,0,1.0,1.0,13.0,0.41500000000000004,0,0.0,0.7762478485370051,0.22375215146299485,0.0,0.03899741827832093,0.03319999996165279,0.0669999990350334,0.09180000051856041,0.6368330464716007,0.0,0.0,0.0,0.36316695352839934,,,
B_plain_MPC,combined_fault_load,19026,11.178312306928186,6.3765330602322265,4.049571421580525,,0,0.0,0.0,0.0,0.0,0,6.0,1.0,0.0,0.0,0.0,0.0,0.0,7769.695512428688,164.87367510701986,0,0,0,0,0,,0,91.67023305794716,0.0,0.0,0.0,0.0,91.69118842971727,11.587977600000158,,,,,,,,,0,,,,0,0,0,0,0,0,0,0,,,,,0,,,,,,,,,,,,,,,,
C3_arbitration_MPC,combined_fault_load,19026,11.180626239503011,6.233449749467859,4.062306114387456,,1,0.0,0.0,3.0100000000000002,0.5008319467554077,2,2.0,0.49916805324459235,0.10149750415973377,0.39933444259567386,0.0,0.7973421926910299,0.0,8524.040779491417,197.02107324126644,0,0,0,0,0,,0,73.76339338851955,0.40152753874700714,0.009350602381119125,0.007128743533208957,0.41800688466133523,73.79096942145412,9.678556400000161,2.2547841349482973,1.8650946494327736,1.6329589047586128,1.4142828550946214,2.1569876064745155,1.7815313853710748,3.271895534606695,3.2623865878173914,301,,,,0,0,0,0,0,0,0,0,,,,,0,,,,,,,,,,,,,,0.0,True,True
C4_attribution_MPC,combined_fault_load,19026,11.180626239503011,6.233449749467859,4.062306114387456,,1,,,3.0100000000000002,0.5008319467554077,2,2.0,0.49916805324459235,0.10149750415973377,0.39933444259567386,0.0,0.7973421926910299,0.0,8524.040779491417,197.02107324126644,0,0,0,0,0,,0,76.65866942138075,0.3688294320529727,0.006833907056666178,0.0061175559746614845,0.41841497422020046,76.68666446294414,10.002255499999592,2.2547841349482973,,1.6329589047586128,,2.1569876064745155,,3.271895534606695,,301,1.0,1.0,0.0,0,0,0,0,0,0,0,0,301.0,3.0,6.0,0.8300000000000001,0,240.0,0.2633390705679862,0.7366609294320138,298.0,0.03663407913590008,0.03249999826948624,0.07080000068526715,0.08788000122876845,0.22375215146299485,0.0,0.0,0.0,0.7762478485370051,0.0,True,True
B_plain_MPC,combined_fault_load,19027,11.270207088041886,6.623374699470113,4.495722635575656,,0,0.0,0.0,0.0,0.0,0,6.0,1.0,0.0,0.0,0.0,0.0,0.0,8038.788663267426,177.9291531471439,0,0,0,0,0,,0,84.69515371898298,0.0,0.0,0.0,0.0,84.71607933891143,10.742847800000163,,,,,,,,,0,,,,0,0,0,0,0,0,0,0,,,,,0,,,,,,,,,,,,,,,,
C3_arbitration_MPC,combined_fault_load,19027,11.134495239191281,6.181265473545023,3.7603798306871674,,1,0.0,0.0,3.0100000000000002,0.5008319467554077,2,2.0,0.49916805324459235,0.07154742096505824,0.4292845257903494,0.0,0.8571428571428571,0.0,8424.711750510152,215.83475596518159,0,0,0,0,0,,0,75.23193719008448,0.38268795180177656,0.00923820999073283,0.006497418271245839,0.3984235800637552,75.25878595048152,9.824432100000195,2.2311064041232895,1.9083504761777534,1.8265735803479306,1.6263713740446677,2.1264960988993287,1.8167350664887822,3.2494341674373732,3.2387935205099168,301,,,,0,0,0,0,0,0,0,0,,,,,0,,,,,,,,,,,,,,0.0,True,True
C4_attribution_MPC,combined_fault_load,19027,11.134495239191281,6.181265473545023,3.7603798306871674,,1,,,3.0100000000000002,0.5008319467554077,2,2.0,0.49916805324459235,0.07154742096505824,0.4292845257903494,0.0,0.8571428571428571,0.0,8424.711750510152,215.83475596518159,0,0,0,0,0,,0,70.14022892571504,0.3887137694064864,0.007066609350424027,0.006273149742207669,0.4405643718927079,70.1694727273312,9.248756400000275,2.2311064041232895,,1.8265735803479306,,2.1264960988993287,,3.2494341674373732,,301,1.0,1.0,0.0,0,0,0,0,0,0,0,0,301.0,3.0,6.0,0.8300000000000001,0,258.0,0.2633390705679862,0.7366609294320138,298.0,0.03851084339358982,0.03449999894655775,0.0652999988233205,0.08095999946817757,0.19793459552495696,0.0,0.0,0.0,0.802065404475043,0.0,True,True
B_plain_MPC,combined_fault_load,19028,11.316040077741404,6.7607148193557185,4.6665063615159355,,0,0.0,0.0,0.0,0.0,0,6.0,1.0,0.0,0.0,0.0,0.0,0.0,8163.784111888827,188.74878911518988,0,0,0,0,0,,0,79.85141652877118,0.0,0.0,0.0,0.0,79.87365785111025,10.143509300000005,,,,,,,,,0,,,,0,0,0,0,0,0,0,0,,,,,0,,,,,,,,,,,,,,,,
C3_arbitration_MPC,combined_fault_load,19028,11.131262344075777,6.22942399314697,3.673491285459348,,1,0.0,0.0,3.0100000000000002,0.5008319467554077,2,2.0,0.49916805324459235,0.07154742096505824,0.4292845257903494,0.0,0.8571428571428571,0.0,8511.88192079431,233.79653771291663,0,0,0,0,0,,0,72.50602479343647,0.3848851979134597,0.009439242714691407,0.007098450963434494,0.4014228915915856,72.53250495870651,9.498128499999439,2.1599047586526816,1.8617261272725993,1.779071684652928,1.5592065151796302,2.0550626347777436,1.7678005388703872,3.2957739410584543,3.285724723773721,301,,,,0,0,0,0,0,0,0,0,,,,,0,,,,,,,,,,,,,,0.0,True,True
C4_attribution_MPC,combined_fault_load,19028,11.131262344075777,6.22942399314697,3.673491285459348,,1,,,3.0100000000000002,0.5008319467554077,2,2.0,0.49916805324459235,0.07154742096505824,0.4292845257903494,0.0,0.8571428571428571,0.0,8511.88192079431,233.79653771291663,0,0,0,0,0,,0,75.28395950409376,0.3975060240956107,0.0070413081188808015,0.006476247839406438,0.44973253012505476,75.31283966946371,9.894621400000688,2.1599047586526816,,1.779071684652928,,2.0550626347777436,,3.2957739410584543,,301,1.0,1.0,0.0,0,0,0,0,0,0,0,0,301.0,3.0,8.0,0.6455555555555557,0,258.0,0.2633390705679862,0.7366609294320138,298.0,0.038708950071156795,0.03429999924264848,0.07019999975454994,0.09709999903861927,0.16695352839931152,0.0,0.0,0.0,0.8330464716006885,0.0,True,True
B_plain_MPC,combined_fault_load,19029,11.25626073971987,6.620068536849991,4.374870094773849,,0,0.0,0.0,0.0,0.0,0,6.0,1.0,0.0,0.0,0.0,0.0,0.0,8105.080461631741,187.36810349636986,0,0,0,0,0,,0,88.84533553734873,0.0,0.0,0.0,0.0,88.86648595040798,11.251196600000185,,,,,,,,,0,,,,0,0,0,0,0,0,0,0,,,,,0,,,,,,,,,,,,,,,,
C3_arbitration_MPC,combined_fault_load,19029,11.141389215095307,6.228297910138132,3.741968951131834,,1,0.0,0.0,3.0100000000000002,0.5008319467554077,2,2.0,0.49916805324459235,0.07820299500831947,0.4226289517470882,0.0,0.8438538205980066,0.0,8468.463800333548,219.42008617538048,0,0,0,0,0,,0,73.6923619835489,0.394360413106612,0.009486402823297602,0.006792771134147038,0.4106395870640567,73.71948347104043,9.661417100000108,2.209174710420741,1.900324879620797,1.7698905007244763,1.5719882119902993,2.103038705125002,1.806446066280659,3.275965790743784,3.2662698655610485,301,,,,0,0,0,0,0,0,0,0,,,,,0,,,,,,,,,,,,,,0.0,True,True
C4_attribution_MPC,combined_fault_load,19029,11.141389215095307,6.228297910138132,3.741968951131834,,1,,,3.0100000000000002,0.5008319467554077,2,2.0,0.49916805324459235,0.07820299500831947,0.4226289517470882,0.0,0.8438538205980066,0.0,8468.463800333548,219.42008617538048,0,0,0,0,0,,0,73.56826115708014,0.37877762474362314,0.006852667812818442,0.006383476765615354,0.4289697073808526,73.59614297506182,9.651294900000721,2.209174710420741,,1.7698905007244763,,2.103038705125002,,3.275965790743784,,301,1.0,1.0,0.0,0,0,0,0,0,0,0,0,301.0,3.0,8.0,0.6455555555555557,0,254.0,0.2633390705679862,0.7366609294320138,298.0,0.0369559380587957,0.03319999996165279,0.06589999975403771,0.08132000039040577,0.22375215146299485,0.0,0.0,0.0,0.7762478485370051,0.0,True,True
B_plain_MPC,combined_fault_load,19030,11.300274701647554,6.711626326509071,4.5986397783052055,,0,0.0,0.0,0.0,0.0,0,6.0,1.0,0.0,0.0,0.0,0.0,0.0,8091.978415974243,178.61860623976503,0,0,0,0,0,,0,81.87480247931286,0.0,0.0,0.0,0.0,81.8953330578424,10.384298400000262,,,,,,,,,0,,,,0,0,0,0,0,0,0,0,,,,,0,,,,,,,,,,,,,,,,
C3_arbitration_MPC,combined_fault_load,19030,11.193093648846114,6.3625092127551275,4.041506095528794,,1,0.0,0.0,3.0100000000000002,0.5008319467554077,2,2.0,0.49916805324459235,0.09816971713810316,0.40266222961730447,0.0,0.8039867109634552,0.0,8808.836009828718,222.79760462481315,0,0,0,0,0,,0,76.83758925611247,0.3881375215438286,0.009097418291723674,0.00661428570116709,0.40384922553671937,76.86509256189701,10.026475199998458,2.183296394205899,1.8178685356561186,1.617526275282042,1.3957853833998202,2.088252726867035,1.7343461674491671,3.2833790165392673,3.2748887864092935,301,,,,0,0,0,0,0,0,0,0,,,,,0,,,,,,,,,,,,,,0.0,True,True
C4_attribution_MPC,combined_fault_load,19030,11.193093648846114,6.3625092127551275,4.041506095528794,,1,,,3.0100000000000002,0.5008319467554077,2,2.0,0.49916805324459235,0.09816971713810316,0.40266222961730447,0.0,0.8039867109634552,0.0,8808.836009828718,222.79760462481315,0,0,0,0,0,,0,70.39309586781944,0.35796006883368525,0.006644234068679909,0.005738554257304823,0.4071401033143548,70.4198371901185,9.21470109999973,2.183296394205899,,1.617526275282042,,2.088252726867035,,3.2833790165392673,,301,1.0,1.0,0.0,0,0,0,0,0,0,0,0,301.0,3.0,4.0,1.1620000000000001,0,242.0,0.2633390705679862,0.7366609294320138,298.0,0.036797246154684854,0.03299999843875412,0.06759999996575061,0.08643999972264284,0.23752151462994836,0.0,0.0,0.0,0.7624784853700516,0.0,True,True
B_plain_MPC,load_disturbance,19026,10.821896466195696,4.814054046789101,0.8617618351924661,,0,0.0,0.0,0.0,0.0,0,6.0,1.0,0.0,0.0,0.0,0.0,0.0,8242.512149647346,136.21666792985883,0,0,0,0,0,,0,95.73469586787776,0.0,0.0,0.0,0.0,95.7565115701779,12.084097199998723,,,,,,,,,0,0.0,0.0,0.0,0,0,0,0,0,0,0,0,,,,,0,,,,,,,,,,,,,,,,
C3_arbitration_MPC,load_disturbance,19026,10.821896466195696,4.814054046789101,0.8617618351924661,,0,0.0,0.0,0.0,0.0,0,6.0,1.0,0.0,0.0,0.0,0.0,0.0,8242.512149647346,136.21666792985883,0,0,0,0,0,,0,98.10512727262378,0.42434320136843706,0.009887263330055093,0.006682271914119414,0.44091273661261154,98.12759752065718,12.681843500000468,,,,,,,,,0,0.0,0.0,0.0,0,0,0,0,0,0,0,0,,,,,0,,,,,,,,,,,,,,,,
C4_attribution_MPC,load_disturbance,19026,10.821896466195696,4.814054046789101,0.8617618351924661,,0,,,0.0,0.0,0,6.0,1.0,0.0,0.0,0.0,0.0,0.0,8242.512149647346,136.21666792985883,0,0,0,0,0,,0,96.30350495875567,0.40682409637153394,0.007239931082620892,0.005529776216980925,0.47489724601261785,96.32933801659111,12.465234100000089,,,,,,,,,0,0.0,0.0,0.0,0,0,0,0,0,0,0,0,0.0,0.0,17.0,0.32277777777777783,0,0.0,0.7762478485370051,0.22375215146299485,0.0,0.055303442341482094,0.05300000157149043,0.09370000043418258,0.11283999992883784,0.5903614457831325,0.0,0.0,0.0,0.40963855421686746,,,
B_plain_MPC,load_disturbance,19027,10.832891568331272,4.922819896678775,0.9547664184817594,,0,0.0,0.0,0.0,0.0,0,6.0,1.0,0.0,0.0,0.0,0.0,0.0,8470.968099520685,156.28109884301384,0,0,0,0,0,,0,91.79508016533256,0.0,0.0,0.0,0.0,91.81656528930907,11.607676499999798,,,,,,,,,0,0.0,0.0,0.0,0,0,0,0,0,0,0,0,,,,,0,,,,,,,,,,,,,,,,
C3_arbitration_MPC,load_disturbance,19027,10.83262460435799,4.919131080167157,0.9486992700295822,,1,1.0,1.0,0.07,0.011647254575707155,4,1.2,0.9883527454242929,0.011647254575707155,0.0,0.0,0.0,0.0,8472.430549890241,157.71644996352845,0,0,0,0,0,,0,99.29209669423494,0.4091185885558429,0.009773838204521447,0.006237349444712759,0.4251297762050771,99.31419669426624,12.79951500000061,0.24610921529167326,0.24455369746079875,1.1148380579717112,1.088055962077804,0.24610921529167326,0.24455369746079875,0.38277057894771727,0.33029605353927344,7,0.0,0.0,1.0,0,0,0,0,0,0,0,0,,,,,0,,,,,,,,,,,,,,,,
C4_attribution_MPC,load_disturbance,19027,10.83262460435799,4.919131080167157,0.9486992700295822,,1,,,0.07,0.011647254575707155,4,1.2,0.9883527454242929,0.011647254575707155,0.0,0.0,0.0,0.0,8472.430549890241,157.71644996352845,0,0,0,0,0,,0,98.86980826438747,0.4062705679902131,0.007234079158900381,0.005654388919436427,0.4718158347080067,98.89611239667235,12.768247899999551,0.24610921529167326,,1.1148380579717112,,0.24610921529167326,,0.38277057894771727,,7,0.0,0.0,1.0,0,0,0,0,0,0,0,0,7.0,2.0,14.0,0.38733333333333336,0,0.0,0.6867469879518072,0.3132530120481928,5.0,0.05265679863945676,0.051799999710056,0.09180000051856041,0.11851999952341433,0.49569707401032703,0.0,0.0,0.0,0.504302925989673,,,
B_plain_MPC,load_disturbance,19028,10.858084169163941,5.079225842549155,1.2249391702106744,,0,0.0,0.0,0.0,0.0,0,6.0,1.0,0.0,0.0,0.0,0.0,0.0,8595.054160076312,169.72734809898506,0,0,0,0,0,,0,86.90953223140993,0.0,0.0,0.0,0.0,86.93055041325998,11.01767850000033,,,,,,,,,0,0.0,0.0,0.0,0,0,0,0,0,0,0,0,,,,,0,,,,,,,,,,,,,,,,
C3_arbitration_MPC,load_disturbance,19028,10.858084169163941,5.079225842549155,1.2249391702106744,,0,0.0,0.0,0.0,0.0,0,6.0,1.0,0.0,0.0,0.0,0.0,0.0,8595.054160076312,169.72734809898506,0,0,0,0,0,,0,93.4619049586661,0.41524733211994935,0.009866781377877956,0.006446471605897743,0.4315605851037251,93.48415537193839,12.103781499999968,,,,,,,,,0,0.0,0.0,0.0,0,0,0,0,0,0,0,0,,,,,0,,,,,,,,,,,,,,,,
C4_attribution_MPC,load_disturbance,19028,10.858084169163941,5.079225842549155,1.2249391702106744,,0,,,0.0,0.0,0,6.0,1.0,0.0,0.0,0.0,0.0,0.0,8595.054160076312,169.72734809898506,0,0,0,0,0,,0,87.94642809908879,0.3713963855725039,0.0065936316869940155,0.004814285758034993,0.4301528400566594,87.96925041325785,11.37565689999974,,,,,,,,,0,0.0,0.0,0.0,0,0,0,0,0,0,0,0,0.0,0.0,14.0,0.38733333333333336,0,0.0,0.7762478485370051,0.22375215146299485,0.0,0.04734853703912653,0.0473000000056345,0.07580000055895653,0.09299999946961184,0.4819277108433735,0.0,0.0,0.0,0.5180722891566265,,,
B_plain_MPC,load_disturbance,19029,10.842618060648219,4.968145760023338,0.9422199238947252,,0,0.0,0.0,0.0,0.0,0,6.0,1.0,0.0,0.0,0.0,0.0,0.0,8498.199784430983,163.46562199302994,0,0,0,0,0,,0,85.70798677683042,0.0,0.0,0.0,0.0,85.7292991734216,10.87464369999907,,,,,,,,,0,0.0,0.0,0.0,0,0,0,0,0,0,0,0,,,,,0,,,,,,,,,,,,,,,,
C3_arbitration_MPC,load_disturbance,19029,11.030137091146592,5.7259166603969,3.0128504157627836,,1,0.0,0.0,1.6400000000000001,0.27287853577371046,2,2.0,0.7271214642262895,0.09317803660565724,0.17970049916805325,0.0,0.3588039867109635,0.0,8421.317534296644,202.60021486793084,0,0,0,0,0,,0,77.30622066105565,0.38067504300609356,0.008762134341016114,0.006385714294775205,0.3958228916418849,77.33008925617078,10.079504799999995,2.495715520733354,2.109200884345575,1.645216170579938,1.4715490629083654,2.3913094496748855,2.0243514302542334,0.2556331205561426,0.20274143736365774,164,0.0,0.0,1.0,0,0,0,0,0,0,0,0,,,,,0,,,,,,,,,,,,,,,,
C4_attribution_MPC,load_disturbance,19029,11.030137091146592,5.7259166603969,3.0128504157627836,,1,,,1.6400000000000001,0.27287853577371046,2,2.0,0.7271214642262895,0.09317803660565724,0.17970049916805325,0.0,0.3588039867109635,0.0,8421.317534296644,202.60021486793084,0,0,0,0,0,,0,77.69036611572412,0.3759049913697582,0.00697349398357837,0.005828915718024582,0.4305445783346889,77.7155479339523,10.140740500000902,2.495715520733354,,1.645216170579938,,2.3913094496748855,,0.2556331205561426,,164,0.0,0.0,1.0,0,0,0,0,0,0,0,0,164.0,3.0,10.0,0.5281818181818182,0,108.0,0.4991394148020654,0.5008605851979346,161.0,0.04183717726332776,0.03699999979289714,0.07030000051599927,0.09117999870795782,0.4440619621342513,0.0,0.0,0.0,0.5559380378657487,,,
B_plain_MPC,load_disturbance,19030,10.841650232663916,4.971864888063124,0.9335778767945815,,0,0.0,0.0,0.0,0.0,0,6.0,1.0,0.0,0.0,0.0,0.0,0.0,8537.035750900148,163.53842764631838,0,0,0,0,0,,0,87.27143057839092,0.0,0.0,0.0,0.0,87.29144710732801,11.04131419999976,,,,,,,,,0,0.0,0.0,0.0,0,0,0,0,0,0,0,0,,,,,0,,,,,,,,,,,,,,,,
C3_arbitration_MPC,load_disturbance,19030,10.842292963342944,4.979133297006609,0.9483644979634842,,1,1.0,1.0,0.07,0.011647254575707155,4,1.2,0.9883527454242929,0.011647254575707155,0.0,0.0,0.0,0.0,8542.252319616104,164.4028352526961,0,0,0,0,0,,0,84.69417438024443,0.3838740103361275,0.00894629949170426,0.005592771060394104,0.39841308088822586,84.7145371900289,10.977679500001614,0.25744810797804957,0.25421125639605535,0.7381179412684041,0.732870078606861,0.25744810797804957,0.25421125639605535,0.40910825538608175,0.3086931695284158,7,0.0,0.0,1.0,0,0,0,0,0,0,0,0,,,,,0,,,,,,,,,,,,,,,,
C4_attribution_MPC,load_disturbance,19030,10.842292963342944,4.979133297006609,0.9483644979634842,,1,,,0.07,0.011647254575707155,4,1.2,0.9883527454242929,0.011647254575707155,0.0,0.0,0.0,0.0,8542.252319616104,164.4028352526961,0,0,0,0,0,,0,96.30620082656199,0.39196850257791843,0.0071953528181446565,0.005254561075818101,0.4518327021478383,96.33166446278777,12.441216499999427,0.25744810797804957,,0.7381179412684041,,0.25744810797804957,,0.40910825538608175,,7,0.0,0.0,1.0,0,0,0,0,0,0,0,0,7.0,2.0,9.0,0.5810000000000001,0,0.0,0.6815834767641996,0.31841652323580033,5.0,0.047414285675957145,0.047199999244185165,0.07829999958630651,0.10304000097676194,0.5817555938037866,0.0,0.0,0.0,0.41824440619621345,,,
B_plain_MPC,parameter_variation,19026,10.814439362017449,4.722559764189438,0.6484448071520676,,0,0.0,0.0,0.0,0.0,0,6.0,1.0,0.0,0.0,0.0,0.0,0.0,7667.235872846829,118.56244093099144,0,0,0,0,0,,0,96.904819008212,0.0,0.0,0.0,0.0,96.9262049586012,12.230945100000099,,,,,,,,,0,0.0,0.0,0.0,0,0,0,0,0,0,0,0,,,,,0,,,,,,,,,,,,,,,,
C3_arbitration_MPC,parameter_variation,19026,10.814439362017449,4.722559764189438,0.6484448071520676,,0,0.0,0.0,0.0,0.0,0,6.0,1.0,0.0,0.0,0.0,0.0,0.0,7667.235872846829,118.56244093099144,0,0,0,0,0,,0,101.66335289250128,0.44190447501361424,0.010628915743788315,0.0065184165690811155,0.4590518073264837,101.6879181818146,13.146879300000364,,,,,,,,,0,0.0,0.0,0.0,0,0,0,0,0,0,0,0,,,,,0,,,,,,,,,,,,,,,,
C4_attribution_MPC,parameter_variation,19026,10.814439362017449,4.722559764189438,0.6484448071520676,,0,,,0.0,0.0,0,6.0,1.0,0.0,0.0,0.0,0.0,0.0,7667.235872846829,118.56244093099144,0,0,0,0,0,,0,100.44542148770692,0.4163769362549702,0.007516695301458416,0.00541824439956074,0.47083356273173205,100.4715925619091,12.9743641999994,,,,,,,,,0,0.0,0.0,0.0,0,0,0,0,0,0,0,0,0.0,0.0,8.0,0.6455555555555557,0,0.0,0.3046471600688468,0.6953528399311532,0.0,0.041521686775742694,0.03730000025825575,0.07060000098135788,0.08928000024752696,0.22375215146299485,0.0,0.0,0.010327022375215147,0.76592082616179,,,
B_plain_MPC,parameter_variation,19027,10.821326615157487,4.801901144555548,0.6415223056653312,,0,0.0,0.0,0.0,0.0,0,6.0,1.0,0.0,0.0,0.0,0.0,0.0,7847.942507708574,137.2278289801237,0,0,0,0,0,,0,103.396454545422,0.0,0.0,0.0,0.0,103.4190099173339,13.046101500000077,,,,,,,,,0,0.0,0.0,0.0,0,0,0,0,0,0,0,0,,,,,0,,,,,,,,,,,,,,,,
C3_arbitration_MPC,parameter_variation,19027,10.82126501520815,4.800898615552593,0.6394442374032359,,0,0.0,0.0,0.01,0.0016638935108153079,2,2.0,0.9983361064891847,0.0,0.0,0.0016638935108153079,0.0,0.0033222591362126247,7848.0377237884,137.51916766533097,0,0,0,0,0,,0,101.58451652901284,0.4208275387317592,0.010367469845222238,0.006289673006769571,0.43748468158375103,101.60744462813425,13.091763700000229,0.27572437639842917,0.27572437639842917,10.919665032194239,10.919665032194239,0.24988498072016796,0.24988498072016796,0.6866875642852079,0.6866875642852079,1,0.0,0.0,0.0,0,0,0,0,0,0,0,0,,,,,0,,,,,,,,,,,,,,,,
C4_attribution_MPC,parameter_variation,19027,10.82126501520815,4.800898615552593,0.6394442374032359,,0,,,0.01,0.0016638935108153079,2,2.0,0.9983361064891847,0.0,0.0,0.0016638935108153079,0.0,0.0033222591362126247,7848.0377237884,137.51916766533097,0,0,0,0,0,,0,104.50891983469954,0.4211728055185996,0.008247160106961873,0.005759036181304843,0.4778531842327856,104.53413471069995,13.478291700001137,0.27572437639842917,,10.919665032194239,,0.24988498072016796,,0.6866875642852079,,1,0.0,0.0,0.0,0,0,0,0,0,0,0,0,1.0,1.0,6.0,0.8300000000000001,0,0.0,0.31153184165232356,0.6884681583476764,1.0,0.042674182425919326,0.038300000596791506,0.07139999979699496,0.08785999889369131,0.19793459552495696,0.0,0.0,0.0,0.802065404475043,,,
B_plain_MPC,parameter_variation,19028,10.835528951168332,4.90604346959062,0.7235283131243944,,0,0.0,0.0,0.0,0.0,0,6.0,1.0,0.0,0.0,0.0,0.0,0.0,7938.735786142917,154.96923722036868,0,0,0,0,0,,0,98.24782644611618,0.0,0.0,0.0,0.0,98.26938925616861,12.391742600000725,,,,,,,,,0,0.0,0.0,0.0,0,0,0,0,0,0,0,0,,,,,0,,,,,,,,,,,,,,,,
C3_arbitration_MPC,parameter_variation,19028,10.835528951168332,4.90604346959062,0.7235283131243944,,0,0.0,0.0,0.0,0.0,0,6.0,1.0,0.0,0.0,0.0,0.0,0.0,7938.735786142917,154.96923722036868,0,0,0,0,0,,0,98.95247272727507,0.4266084337713423,0.010282099810395856,0.0069309810391188845,0.443821514620857,98.97491818183647,12.787997899999027,,,,,,,,,0,0.0,0.0,0.0,0,0,0,0,0,0,0,0,,,,,0,,,,,,,,,,,,,,,,
C4_attribution_MPC,parameter_variation,19028,10.835528951168332,4.90604346959062,0.7235283131243944,,0,,,0.0,0.0,0,6.0,1.0,0.0,0.0,0.0,0.0,0.0,7938.735786142917,154.96923722036868,0,0,0,0,0,,0,97.00458181812655,0.4428765920416675,0.008210671239011768,0.005997762454517559,0.5038266780331826,97.0304074378287,12.615533899999718,,,,,,,,,0,0.0,0.0,0.0,0,0,0,0,0,0,0,0,0.0,0.0,8.0,0.6455555555555557,0,0.0,0.3304647160068847,0.6695352839931153,0.0,0.046741652297985735,0.04050000097777229,0.08640000123705249,0.11106000092695469,0.18072289156626506,0.0,0.0,0.0,0.8192771084337349,,,
B_plain_MPC,parameter_variation,19029,10.831946257271778,4.847187509764019,0.6526357854134137,,0,0.0,0.0,0.0,0.0,0,6.0,1.0,0.0,0.0,0.0,0.0,0.0,7892.225098820821,145.12607335337424,0,0,0,0,0,,0,98.9606719007843,0.0,0.0,0.0,0.0,98.98295454543639,12.495116900001449,,,,,,,,,0,0.0,0.0,0.0,0,0,0,0,0,0,0,0,,,,,0,,,,,,,,,,,,,,,,
C3_arbitration_MPC,parameter_variation,19029,10.984899554700291,5.558446077805951,2.662473331392857,,1,0.0,0.0,1.6400000000000001,0.27287853577371046,1,3.0,0.7271214642262895,0.0,0.0,0.27287853577371046,0.0,0.5448504983388704,7142.937612764691,128.63246017446897,0,0,0,0,0,,0,79.81777520668281,0.41444733219914315,0.010115662583658109,0.0071263339138760515,0.4316893286966773,79.84435041312695,10.445325700000467,3.4000430829493897,3.0832648519966677,10.176907965570397,10.137274296476217,3.3838668124855844,3.062629642946101,0.2556331205561426,0.20274143736365763,164,0.0,0.0,1.0,0,0,0,0,0,0,0,0,,,,,0,,,,,,,,,,,,,,,,
C4_attribution_MPC,parameter_variation,19029,10.984899554700291,5.558446077805951,2.662473331392857,,1,,,1.6400000000000001,0.27287853577371046,1,3.0,0.7271214642262895,0.0,0.0,0.27287853577371046,0.0,0.5448504983388704,7142.937612764691,128.63246017446897,0,0,0,0,0,,0,75.56000247939303,0.42275490534921933,0.008018416566565864,0.006550602453230622,0.4809631670676859,75.58872809924411,9.972623800000292,3.4000430829493897,,10.176907965570397,,3.3838668124855844,,0.2556331205561426,,164,0.0,0.0,1.0,0,0,0,0,0,0,0,0,164.0,3.0,8.0,0.6455555555555557,0,0.0,0.3080895008605852,0.6919104991394148,164.0,0.043639242698670096,0.038800000766059384,0.07440000081260223,0.10062000073958191,0.23924268502581755,0.0,0.0,0.0,0.7607573149741824,,,
B_plain_MPC,parameter_variation,19030,10.832303274125305,4.8675388452832635,0.6834249074520516,,0,0.0,0.0,0.0,0.0,0,6.0,1.0,0.0,0.0,0.0,0.0,0.0,7897.956184619641,147.301894780041,0,0,0,0,0,,0,102.78906776860342,0.0,0.0,0.0,0.0,102.81208512400147,12.967883899998924,,,,,,,,,0,0.0,0.0,0.0,0,0,0,0,0,0,0,0,,,,,0,,,,,,,,,,,,,,,,
C3_arbitration_MPC,parameter_variation,19030,10.832083365823463,4.8377715358087325,0.6764296526678861,,1,0.0,0.0,2.17,0.3610648918469218,3,1.5,0.6389351081530782,0.0,0.0,0.3610648918469218,0.0,0.7209302325581395,8220.129273736533,121.91676083216319,0,0,0,0,0,,0,95.62742066107093,0.41144922548411,0.010237693626700304,0.007190877800525235,0.42887779691133554,95.6538876033854,12.349121299999751,1.2383538618646739,1.0836773848833003,12.458462605385904,12.449128962638035,1.3138253755713256,1.1658547452116055,0.22583757238675314,0.1836303751505383,217,0.0,0.0,1.0,0,0,0,0,0,0,0,0,,,,,0,,,,,,,,,,,,,,,,
C4_attribution_MPC,parameter_variation,19030,10.832083365823463,4.8377715358087325,0.6764296526678861,,1,,,2.17,0.3610648918469218,3,1.5,0.6389351081530782,0.0,0.0,0.3610648918469218,0.0,0.7209302325581395,8220.129273736533,121.91676083216319,0,0,0,0,0,,0,98.39422975203865,0.42785249568251277,0.008155593783352219,0.007018244422759008,0.4864426850363652,98.42523057855296,12.75015809999968,1.2383538618646739,,12.458462605385904,,1.3138253755713256,,0.22583757238675314,,217,0.0,0.0,1.0,0,0,0,0,0,0,0,0,217.0,2.0,4.0,1.1620000000000001,0,0.0,0.31153184165232356,0.6884681583476764,217.0,0.0434163511477412,0.038500000300700776,0.07370000093942508,0.09118000052694747,0.2547332185886403,0.0,0.0,0.0,0.7452667814113597,,,
B_plain_MPC,sensor_bias_15,19026,11.958179261884872,7.52211260077378,8.134483102004394,,0,0.0,0.0,0.0,0.0,0,6.0,1.0,0.0,0.0,0.0,0.0,0.0,6429.345354485645,205.97880346548916,0,0,0,0,0,,0,82.41720826437873,0.0,0.0,0.0,0.0,82.4377768594711,10.448161199999959,,,,,,,,,0,,,,0,0,0,0,0,0,0,0,,,,,0,,,,,,,,,,,,,,,,
C3_arbitration_MPC,sensor_bias_15,19026,10.80868796245771,4.616809714640719,0.3444874339422603,,1,0.0,0.0,4.01,0.6672212978369384,1,3.0,0.33277870216306155,0.6672212978369384,0.0,0.0,0.0,0.0,6031.733572990833,78.78053255644615,0,0,0,0,0,,0,55.528251239593374,0.38680361444871914,0.0093700516012797,0.006903614481297328,0.40307728053129616,55.557248760296794,7.448098399998344,0.35600194274747765,0.3510573705935613,0.24281486273907943,0.18585912975505753,0.35600194274747765,0.3510573705935613,6.917277757803397,4.984815233983773,401,,,,0,0,0,0,0,0,0,0,,,,,0,,,,,,,,,,,,,,0.0,True,True
C4_attribution_MPC,sensor_bias_15,19026,10.80868796245771,4.616809714640719,0.3444874339422603,,1,,,4.01,0.6672212978369384,1,3.0,0.33277870216306155,0.6672212978369384,0.0,0.0,0.0,0.0,6031.733572990833,78.78053255644615,0,0,0,0,0,,0,56.708342975349105,0.39339104990954565,0.007417039537491564,0.0068044750410730815,0.4439099827609402,56.74012644627239,7.634071000000404,0.35600194274747765,,0.24281486273907943,,0.35600194274747765,,6.917277757803397,,401,1.0,1.0,0.0,0,0,0,0,0,0,0,0,401.0,3.0,3.0,1.4525000000000001,0,0.0,0.09122203098106713,0.9087779690189329,398.0,0.03629741827282985,0.03279999873484485,0.06939999911992345,0.1095400002668614,0.0757314974182444,0.0017211703958691911,0.0,0.0,0.9225473321858864,0.0,True,True
B_plain_MPC,sensor_bias_15,19027,11.881407639821344,7.406716417903568,7.750222994371336,,0,0.0,0.0,0.0,0.0,0,6.0,1.0,0.0,0.0,0.0,0.0,0.0,6697.471782732838,220.96083254459415,0,0,0,0,0,,0,78.97457685952352,0.0,0.0,0.0,0.0,78.99503471067753,10.035749799999394,,,,,,,,,0,,,,0,0,0,0,0,0,0,0,,,,,0,,,,,,,,,,,,,,,,
C3_arbitration_MPC,sensor_bias_15,19027,10.813087227345779,4.589410417314628,0.3134092727772753,,1,0.0,0.0,4.01,0.6672212978369384,1,3.0,0.33277870216306155,0.6672212978369384,0.0,0.0,0.0,0.0,6146.606517859631,84.16046094040146,0,0,0,0,0,,0,57.50170413237296,0.38527555936365787,0.009391910559743227,0.007100344227716886,0.401767814151118,57.530505785184346,7.681744299999991,0.2626660256544832,0.2392307741019733,0.33563167883687456,0.23840558035618153,0.2626660256544832,0.2392307741019733,6.914924427256542,4.987584749338457,401,,,,0,0,0,0,0,0,0,0,,,,,0,,,,,,,,,,,,,,0.0,True,True
C4_attribution_MPC,sensor_bias_15,19027,10.813087227345779,4.589410417314628,0.3134092727772753,,1,,,4.01,0.6672212978369384,1,3.0,0.33277870216306155,0.6672212978369384,0.0,0.0,0.0,0.0,6146.606517859631,84.16046094040146,0,0,0,0,0,,0,57.45376859511843,0.3942872633337622,0.007379001779714198,0.006978657480860057,0.4457187607931544,57.48527272707111,7.727408199998536,0.2626660256544832,,0.33563167883687456,,0.2626660256544832,,6.914924427256542,,401,1.0,1.0,0.0,0,0,0,0,0,0,0,0,401.0,3.0,3.0,1.4525000000000001,0,0.0,0.09122203098106713,0.9087779690189329,398.0,0.03707383819881798,0.035200000638724305,0.06140000004961621,0.07747999879939023,0.07228915662650602,0.0017211703958691911,0.0,0.0,0.9259896729776248,0.0,True,True
B_plain_MPC,sensor_bias_15,19028,11.909907115682094,7.49950725322498,7.623666987737824,,0,0.0,0.0,0.0,0.0,0,6.0,1.0,0.0,0.0,0.0,0.0,0.0,6757.868600159551,223.32161175780698,0,0,0,0,0,,0,78.35657685932685,0.0,0.0,0.0,0.0,78.37749008276735,9.986692700000276,,,,,,,,,0,,,,0,0,0,0,0,0,0,0,,,,,0,,,,,,,,,,,,,,,,
C3_arbitration_MPC,sensor_bias_15,19028,10.826545385214931,4.73159198394702,0.4178240035235247,,1,0.0,0.0,4.01,0.6672212978369384,1,3.0,0.33277870216306155,0.6672212978369384,0.0,0.0,0.0,0.0,6233.905352072406,104.34836373640736,0,0,0,0,0,,0,59.1685677686768,0.41686592082165,0.010193459542570178,0.007593803812016127,0.43465318417623633,59.200579338932044,7.951799500000561,0.3471331455598059,0.33869397380194355,0.4553563298052101,0.2788509059171409,0.3471331455598059,0.33869397380194355,6.9296211811974295,4.995115028413737,401,,,,0,0,0,0,0,0,0,0,,,,,0,,,,,,,,,,,,,,0.0,True,True
C4_attribution_MPC,sensor_bias_15,19028,10.826545385214931,4.73159198394702,0.4178240035235247,,1,,,4.01,0.6672212978369384,1,3.0,0.33277870216306155,0.6672212978369384,0.0,0.0,0.0,0.0,6233.905352072406,104.34836373640736,0,0,0,0,0,,0,54.908276859651394,0.39119328742715803,0.007405507817793086,0.006807228893975538,0.4419602410365982,54.9397768594765,7.41449399999874,0.3471331455598059,,0.4553563298052101,,0.3471331455598059,,6.9296211811974295,,401,1.0,1.0,0.0,0,0,0,0,0,0,0,0,401.0,3.0,5.0,0.9683333333333334,0,0.0,0.09122203098106713,0.9087779690189329,398.0,0.03655421689767154,0.033499998608022,0.06509999911941122,0.08101999992504716,0.05335628227194492,0.0017211703958691911,0.0,0.0,0.9449225473321858,0.0,True,True
B_plain_MPC,sensor_bias_15,19029,11.891258922550461,7.438450844078241,7.6664302558676045,,0,0.0,0.0,0.0,0.0,0,6.0,1.0,0.0,0.0,0.0,0.0,0.0,6769.316770448345,220.73432970361884,0,0,0,0,0,,0,78.78003057861454,0.0,0.0,0.0,0.0,78.8011446280612,10.036398199999894,,,,,,,,,0,,,,0,0,0,0,0,0,0,0,,,,,0,,,,,,,,,,,,,,,,
C3_arbitration_MPC,sensor_bias_15,19029,10.823953918237274,4.652657410401222,0.3562284088353198,,1,0.0,0.0,4.01,0.6672212978369384,1,3.0,0.33277870216306155,0.6672212978369384,0.0,0.0,0.0,0.0,6255.207645276535,99.93567711521887,0,0,0,0,0,,0,57.569509917330905,0.38291635107416433,0.009219104991618644,0.00689518072597002,0.399030636791753,57.598190909058665,7.68664870000066,0.24087065733786578,0.21737244151777826,0.4276703010005139,0.27870666847972075,0.24087065733786578,0.21737244151777826,6.91364181856281,4.982339764110784,401,,,,0,0,0,0,0,0,0,0,,,,,0,,,,,,,,,,,,,,0.0,True,True
C4_attribution_MPC,sensor_bias_15,19029,10.823953918237274,4.652657410401222,0.3562284088353198,,1,,,4.01,0.6672212978369384,1,3.0,0.33277870216306155,0.6672212978369384,0.0,0.0,0.0,0.0,6255.207645276535,99.93567711521887,0,0,0,0,0,,0,59.51770991729168,0.39010103268922236,0.007313769357048517,0.006511187645335796,0.4389249570052606,59.549698347130416,7.971073200000319,0.24087065733786578,,0.4276703010005139,,0.24087065733786578,,6.91364181856281,,401,1.0,1.0,0.0,0,0,0,0,0,0,0,0,401.0,3.0,5.0,0.9683333333333334,0,0.0,0.09122203098106713,0.9087779690189329,398.0,0.034998967313653914,0.03229999856557697,0.062400000388151966,0.07752000055916142,0.07056798623063683,0.0017211703958691911,0.0,0.0,0.927710843373494,0.0,True,True
B_plain_MPC,sensor_bias_15,19030,11.885158858743312,7.3884255463231385,7.680214944038779,,0,0.0,0.0,0.0,0.0,0,6.0,1.0,0.0,0.0,0.0,0.0,0.0,6703.480794752023,221.7394060753603,0,0,0,0,0,,0,79.34579008264532,0.0,0.0,0.0,0.0,79.36633884299617,10.098988499999905,,,,,,,,,0,,,,0,0,0,0,0,0,0,0,,,,,0,,,,,,,,,,,,,,,,
C3_arbitration_MPC,sensor_bias_15,19030,10.826390684745974,4.745679817389615,0.5257935977508814,,1,0.0,0.0,4.01,0.6672212978369384,1,3.0,0.33277870216306155,0.6672212978369384,0.0,0.0,0.0,0.0,6271.7796027235,115.1755088139469,0,0,0,0,0,,0,57.56083223140428,0.3702466437282678,0.008895697106887576,0.006925817563752732,0.3860681583989081,57.589357024903435,7.671282900000733,0.37734757588213813,0.3726213113764073,0.46247238976167454,0.303452409026654,0.37734757588213813,0.3726213113764073,6.926877680561356,4.980321051580663,401,,,,0,0,0,0,0,0,0,0,,,,,0,,,,,,,,,,,,,,0.0,True,True
C4_attribution_MPC,sensor_bias_15,19030,10.826390684745974,4.745679817389615,0.5257935977508814,,1,,,4.01,0.6672212978369384,1,3.0,0.33277870216306155,0.6672212978369384,0.0,0.0,0.0,0.0,6271.7796027235,115.1755088139469,0,0,0,0,0,,0,61.55794545445456,0.40066781407177066,0.007561101550900573,0.006826161771608764,0.45129793453206213,61.59069256219399,8.237269500001275,0.37734757588213813,,0.46247238976167454,,0.37734757588213813,,6.926877680561356,,401,1.0,1.0,0.0,0,0,0,0,0,0,0,0,401.0,3.0,3.0,1.4525000000000001,0,0.0,0.09122203098106713,0.9087779690189329,398.0,0.036242857137782115,0.03440000000409782,0.0624999993306119,0.08055999969656115,0.08261617900172118,0.0017211703958691911,0.0,0.0,0.9156626506024096,0.0,True,True
B_plain_MPC,sensor_dropout,19026,27.205345227022143,22.866283186395716,20.102626943619786,,0,0.0,0.0,0.0,0.0,0,6.0,1.0,0.0,0.0,0.0,0.0,0.0,14832.57525294823,81.36324600421737,0,0,0,0,0,,0,47.760528099132905,0.0,0.0,0.0,0.0,47.78287603304224,6.278368200000841,,,,,,,,,0,,,,0,0,0,0,0,0,0,0,,,,,0,,,,,,,,,,,,,,,,
C3_arbitration_MPC,sensor_dropout,19026,10.80868796245771,4.616809714640719,0.3444874339422603,,1,0.0,0.0,4.01,0.6672212978369384,1,3.0,0.33277870216306155,0.6672212978369384,0.0,0.0,0.0,0.0,6031.733572990833,78.78053255644615,0,0,0,0,0,,0,59.127864462891374,0.4124271945016304,0.009689500857880555,0.0073975903736852216,0.42951428573319617,59.15910991730805,7.930019800000082,0.35600194274747765,0.3510573705935613,0.24281486273907943,0.18585912975505753,0.35600194274747765,0.3510573705935613,24.521545210072272,17.419717174896768,401,,,,0,0,0,0,0,0,0,0,,,,,0,,,,,,,,,,,,,,0.0,True,True
C4_attribution_MPC,sensor_dropout,19026,10.80868796245771,4.616809714640719,0.3444874339422603,,1,,,4.01,0.6672212978369384,1,3.0,0.33277870216306155,0.6672212978369384,0.0,0.0,0.0,0.0,6031.733572990833,78.78053255644615,0,0,0,0,0,,0,60.00979752073265,0.39840550774656497,0.007711703948907613,0.007083132502277463,0.45005249563652083,60.04335123964493,8.044406400000298,0.35600194274747765,,0.24281486273907943,,0.35600194274747765,,24.521545210072272,,401,1.0,1.0,0.0,0,0,0,0,0,0,0,0,401.0,3.0,3.0,1.4525000000000001,0,0.0,0.09122203098106713,0.9087779690189329,398.0,0.03685215143877079,0.035600000046542846,0.0625000011496013,0.07516000005125538,0.0757314974182444,0.0017211703958691911,0.0,0.0,0.9225473321858864,0.0,True,True
B_plain_MPC,sensor_dropout,19027,27.618568590857198,23.419350228299812,21.11431034338265,,0,0.0,0.0,0.0,0.0,0,6.0,1.0,0.0,0.0,0.0,0.0,0.0,15055.154676393064,71.67672105379239,0,0,0,0,0,,0,45.254349586775035,0.0,0.0,0.0,0.0,45.27733553726092,5.99546939999891,,,,,,,,,0,,,,0,0,0,0,0,0,0,0,,,,,0,,,,,,,,,,,,,,,,
C3_arbitration_MPC,sensor_dropout,19027,10.813087227345779,4.589410417314628,0.3134092727772753,,1,0.0,0.0,4.01,0.6672212978369384,1,3.0,0.33277870216306155,0.6672212978369384,0.0,0.0,0.0,0.0,6146.606517859631,84.16046094040146,0,0,0,0,0,,0,62.55055123955203,0.4433215145924747,0.011256110152824166,0.008288468154092767,0.4628660928993917,62.5854661158567,8.403707099998428,0.2626660256544832,0.2392307741019733,0.33563167883687456,0.23840558035618153,0.2626660256544832,0.2392307741019733,24.838137168925204,17.647962199679,401,,,,0,0,0,0,0,0,0,0,,,,,0,,,,,,,,,,,,,,0.0,True,True
C4_attribution_MPC,sensor_dropout,19027,10.813087227345779,4.589410417314628,0.3134092727772753,,1,,,4.01,0.6672212978369384,1,3.0,0.33277870216306155,0.6672212978369384,0.0,0.0,0.0,0.0,6146.606517859631,84.16046094040146,0,0,0,0,0,,0,61.778969421486316,0.42432013772553867,0.007977624752384645,0.00764199655245358,0.4803764199449674,61.814006611554255,8.298698300000979,0.2626660256544832,,0.33563167883687456,,0.2626660256544832,,24.838137168925204,,401,1.0,1.0,0.0,0,0,0,0,0,0,0,0,401.0,3.0,3.0,1.4525000000000001,0,0.0,0.09122203098106713,0.9087779690189329,398.0,0.040436660914590486,0.03719999949680641,0.06990000110818073,0.09896000010485324,0.07228915662650602,0.0017211703958691911,0.0,0.0,0.9259896729776248,0.0,True,True
B_plain_MPC,sensor_dropout,19028,27.544561819821876,23.362233510344232,20.91006194979112,,0,0.0,0.0,0.0,0.0,0,6.0,1.0,0.0,0.0,0.0,0.0,0.0,15110.298601033952,72.37000693840349,0,0,0,0,0,,0,45.05922644619369,0.0,0.0,0.0,0.0,45.08372975215025,6.000250799999776,,,,,,,,,0,,,,0,0,0,0,0,0,0,0,,,,,0,,,,,,,,,,,,,,,,
C3_arbitration_MPC,sensor_dropout,19028,10.826545385214931,4.73159198394702,0.4178240035235247,,1,0.0,0.0,4.01,0.6672212978369384,1,3.0,0.33277870216306155,0.6672212978369384,0.0,0.0,0.0,0.0,6233.905352072406,104.34836373640736,0,0,0,0,0,,0,61.174391735589744,0.42252306366912784,0.01056419960416496,0.008097934618186713,0.44118519789147953,61.21018595051793,8.205009200000859,0.3471331455598059,0.33869397380194355,0.4553563298052101,0.2788509059171409,0.3471331455598059,0.33869397380194355,24.52921456597616,17.426656510009774,401,,,,0,0,0,0,0,0,0,0,,,,,0,,,,,,,,,,,,,,0.0,True,True
C4_attribution_MPC,sensor_dropout,19028,10.826545385214931,4.73159198394702,0.4178240035235247,,1,,,4.01,0.6672212978369384,1,3.0,0.33277870216306155,0.6672212978369384,0.0,0.0,0.0,0.0,6233.905352072406,104.34836373640736,0,0,0,0,0,,0,58.93140495872035,0.42834664377465137,0.007796213410767886,0.00743218591160633,0.4830320138982561,58.96529669425494,7.9664904000001115,0.3471331455598059,,0.4553563298052101,,0.3471331455598059,,24.52921456597616,,401,1.0,1.0,0.0,0,0,0,0,0,0,0,0,401.0,3.0,5.0,0.9683333333333334,0,0.0,0.09122203098106713,0.9087779690189329,398.0,0.039456970801230534,0.036299999919719994,0.06690000009257346,0.09150000114459556,0.05335628227194492,0.0017211703958691911,0.0,0.0,0.9449225473321858,0.0,True,True
B_plain_MPC,sensor_dropout,19029,27.612124384428004,23.44450636666024,21.081824373543995,,0,0.0,0.0,0.0,0.0,0,6.0,1.0,0.0,0.0,0.0,0.0,0.0,15126.68806219096,70.79889846399813,0,0,0,0,0,,0,46.961133057927576,0.0,0.0,0.0,0.0,46.985534710608384,6.2637257000005775,,,,,,,,,0,,,,0,0,0,0,0,0,0,0,,,,,0,,,,,,,,,,,,,,,,
C3_arbitration_MPC,sensor_dropout,19029,10.823953918237274,4.652657410401222,0.3562284088353198,,1,0.0,0.0,4.01,0.6672212978369384,1,3.0,0.33277870216306155,0.6672212978369384,0.0,0.0,0.0,0.0,6255.207645276535,99.93567711521887,0,0,0,0,0,,0,62.701051239615055,0.4175784853500436,0.01007986233625585,0.008125817581151433,0.4357841652674509,62.7335289257396,8.375566900000194,0.24087065733786578,0.21737244151777826,0.4276703010005139,0.27870666847972075,0.24087065733786578,0.21737244151777826,24.787121395981313,17.60687060269631,401,,,,0,0,0,0,0,0,0,0,,,,,0,,,,,,,,,,,,,,0.0,True,True
C4_attribution_MPC,sensor_dropout,19029,10.823953918237274,4.652657410401222,0.3562284088353198,,1,,,4.01,0.6672212978369384,1,3.0,0.33277870216306155,0.6672212978369384,0.0,0.0,0.0,0.0,6255.207645276535,99.93567711521887,0,0,0,0,0,,0,60.562290909082776,0.41813545611402175,0.008099311489849104,0.0070502581635120175,0.47146781408391786,60.59482396679316,8.141434899998785,0.24087065733786578,,0.4276703010005139,,0.24087065733786578,,24.787121395981313,,401,1.0,1.0,0.0,0,0,0,0,0,0,0,0,401.0,3.0,5.0,0.9683333333333334,0,0.0,0.09122203098106713,0.9087779690189329,398.0,0.03818278831653493,0.03599999945436139,0.06380000013450626,0.08611999874119654,0.07056798623063683,0.0017211703958691911,0.0,0.0,0.927710843373494,0.0,True,True
B_plain_MPC,sensor_dropout,19030,27.643975225324642,23.483020442470348,21.165224527458697,,0,0.0,0.0,0.0,0.0,0,6.0,1.0,0.0,0.0,0.0,0.0,0.0,15128.222948719003,73.9457936618966,0,0,0,0,0,,0,42.676628925709494,0.0,0.0,0.0,0.0,42.698466115686365,5.641600599999947,,,,,,,,,0,,,,0,0,0,0,0,0,0,0,,,,,0,,,,,,,,,,,,,,,,
C3_arbitration_MPC,sensor_dropout,19030,10.826390684745974,4.745679817389615,0.5257935977508814,,1,0.0,0.0,4.01,0.6672212978369384,1,3.0,0.33277870216306155,0.6672212978369384,0.0,0.0,0.0,0.0,6271.7796027235,115.1755088139469,0,0,0,0,0,,0,63.29355702481065,0.3944712564694163,0.009195524987408197,0.007397074021765499,0.41106385547859,63.324946281073224,8.407800099999804,0.37734757588213813,0.3726213113764073,0.46247238976167454,0.303452409026654,0.37734757588213813,0.3726213113764073,24.536752474141544,17.41787725272394,401,,,,0,0,0,0,0,0,0,0,,,,,0,,,,,,,,,,,,,,0.0,True,True
C4_attribution_MPC,sensor_dropout,19030,10.826390684745974,4.745679817389615,0.5257935977508814,,1,,,4.01,0.6672212978369384,1,3.0,0.33277870216306155,0.6672212978369384,0.0,0.0,0.0,0.0,6271.7796027235,115.1755088139469,0,0,0,0,0,,0,64.8437322314681,0.4058335628021132,0.0076287435553296715,0.007229604185112029,0.45636161798242103,64.87582975200931,8.64043649999985,0.37734757588213813,,0.46247238976167454,,0.37734757588213813,,24.536752474141544,,401,1.0,1.0,0.0,0,0,0,0,0,0,0,0,401.0,3.0,3.0,1.4525000000000001,0,0.0,0.09122203098106713,0.9087779690189329,398.0,0.03566970743986609,0.03360000118846074,0.0610999995842576,0.0735200010240078,0.08261617900172118,0.0017211703958691911,0.0,0.0,0.9156626506024096,0.0,True,True
B_plain_MPC,step_reference,19026,7.058012561926362,3.75402388143891,7.058012561926362,,0,0.0,0.0,0.0,0.0,0,6.0,1.0,0.0,0.0,0.0,0.0,0.0,7079.709696976535,151.15370548816762,0,0,0,0,0,,0,90.97967851242677,0.0,0.0,0.0,0.0,91.0026206610916,11.552303599999505,,,,,,,,,0,0.0,0.0,0.0,0,0,0,0,0,0,0,0,,,,,0,,,,,,,,,,,,,,,,
C3_arbitration_MPC,step_reference,19026,7.058012561926362,3.75402388143891,7.058012561926362,,0,0.0,0.0,0.0,0.0,0,6.0,1.0,0.0,0.0,0.0,0.0,0.0,7079.709696976535,151.15370548816762,0,0,0,0,0,,0,89.0159272726311,0.43782168674300664,0.01042771082634059,0.006729259920029391,0.4549786574893766,89.0391413222986,11.598941399999603,,,,,,,,,0,0.0,0.0,0.0,0,0,0,0,0,0,0,0,,,,,0,,,,,,,,,,,,,,,,
C4_attribution_MPC,step_reference,19026,7.058012561926362,3.75402388143891,7.058012561926362,,0,,,0.0,0.0,0,6.0,1.0,0.0,0.0,0.0,0.0,0.0,7079.709696976535,151.15370548816762,0,0,0,0,0,,0,88.25286446272528,0.4270388984308278,0.00800481918559445,0.005586058535530366,0.495410154778323,88.27857438017952,11.527318500000547,,,,,,,,,0,0.0,0.0,0.0,0,0,0,0,0,0,0,0,0.0,0.0,17.0,0.32277777777777783,0,0.0,0.7762478485370051,0.22375215146299485,0.0,0.05478037862637038,0.054900001487112604,0.0824999988253694,0.1144000005297131,0.612736660929432,0.0,0.0,0.0,0.387263339070568,,,
B_plain_MPC,step_reference,19027,7.070064336368759,3.8215771305451716,7.070064336368759,,0,0.0,0.0,0.0,0.0,0,6.0,1.0,0.0,0.0,0.0,0.0,0.0,7275.345068847466,171.61016115138233,0,0,0,0,0,,0,87.18333966945383,0.0,0.0,0.0,0.0,87.20674545454003,11.083297899998797,,,,,,,,,0,0.0,0.0,0.0,0,0,0,0,0,0,0,0,,,,,0,,,,,,,,,,,,,,,,
C3_arbitration_MPC,step_reference,19027,7.070064336368759,3.8215771305451716,7.070064336368759,,0,0.0,0.0,0.0,0.0,0,6.0,1.0,0.0,0.0,0.0,0.0,0.0,7275.345068847466,171.61016115138233,0,0,0,0,0,,0,88.93681570252512,0.42597710844363257,0.01068657489643066,0.006411187600837531,0.44307487094090076,88.95938677696077,11.568421399999352,,,,,,,,,0,0.0,0.0,0.0,0,0,0,0,0,0,0,0,,,,,0,,,,,,,,,,,,,,,,
C4_attribution_MPC,step_reference,19027,7.070064336368759,3.8215771305451716,7.070064336368759,,0,,,0.0,0.0,0,6.0,1.0,0.0,0.0,0.0,0.0,0.0,7275.345068847466,171.61016115138233,0,0,0,0,0,,0,88.32192066113726,0.4084469879380651,0.007697074055074988,0.005973149743336878,0.4771096385892087,88.34868016531777,11.497044199999436,,,,,,,,,0,0.0,0.0,0.0,0,0,0,0,0,0,0,0,0.0,0.0,19.0,0.29050000000000004,0,0.0,0.7762478485370051,0.22375215146299485,0.0,0.05499242685273171,0.05359999886422884,0.09490000047662761,0.1470200004405342,0.5972461273666093,0.0,0.0,0.0,0.4027538726333907,,,
B_plain_MPC,step_reference,19028,7.185611429463794,3.8810919068542775,7.185611429463794,,0,0.0,0.0,0.0,0.0,0,6.0,1.0,0.0,0.0,0.0,0.0,0.0,7198.994799676835,162.92859752199348,0,0,0,0,0,,0,89.07982148754726,0.0,0.0,0.0,0.0,89.10225950412571,11.303102100000615,,,,,,,,,0,0.0,0.0,0.0,0,0,0,0,0,0,0,0,,,,,0,,,,,,,,,,,,,,,,
C3_arbitration_MPC,step_reference,19028,7.185611429463794,3.8810919068542775,7.185611429463794,,0,0.0,0.0,0.0,0.0,0,6.0,1.0,0.0,0.0,0.0,0.0,0.0,7198.994799676835,162.92859752199348,0,0,0,0,0,,0,88.49115371898628,0.40881927708985777,0.010125989715976275,0.006671600667201744,0.4256168674730358,88.51294545446244,11.481804400000328,,,,,,,,,0,0.0,0.0,0.0,0,0,0,0,0,0,0,0,,,,,0,,,,,,,,,,,,,,,,
C4_attribution_MPC,step_reference,19028,7.185611429463794,3.8810919068542775,7.185611429463794,,0,,,0.0,0.0,0,6.0,1.0,0.0,0.0,0.0,0.0,0.0,7198.994799676835,162.92859752199348,0,0,0,0,0,,0,89.4312975205823,0.42729036143690685,0.008133562872470428,0.005769535281695225,0.4957304647738219,89.45759256206927,11.673407199999929,,,,,,,,,0,0.0,0.0,0.0,0,0,0,0,0,0,0,0,0.0,0.0,13.0,0.41500000000000004,0,0.0,0.7762478485370051,0.22375215146299485,0.0,0.05453700518274937,0.05520000013348181,0.088099999629776,0.11323999933665649,0.6161790017211703,0.0,0.0,0.0,0.3838209982788296,,,
B_plain_MPC,step_reference,19029,7.053916472163613,3.7229712575304084,7.053916472163613,,0,0.0,0.0,0.0,0.0,0,6.0,1.0,0.0,0.0,0.0,0.0,0.0,7116.074377609394,160.32591743722702,0,0,0,0,0,,0,92.37037190081733,0.0,0.0,0.0,0.0,92.39384214872324,11.728120800000397,,,,,,,,,0,0.0,0.0,0.0,0,0,0,0,0,0,0,0,,,,,0,,,,,,,,,,,,,,,,
C3_arbitration_MPC,step_reference,19029,7.074838215028585,3.9761020268155103,7.074838215028585,,1,0.0,0.0,1.6400000000000001,0.27287853577371046,1,3.0,0.7271214642262895,0.27287853577371046,0.0,0.0,0.0,0.0,7015.701224762045,144.89532154512028,0,0,0,0,0,,0,83.24552314051222,0.42530034416890283,0.010349053341424271,0.007141652318678849,0.44279104982900597,83.2717719007302,10.878618299999289,1.0623301993951935,1.0509975675219265,0.3383080099330661,0.27849593040892323,1.0623301993951935,1.0509975675219265,0.25563312055614257,0.20274143736365757,164,0.0,0.0,1.0,0,0,0,0,0,0,0,0,,,,,0,,,,,,,,,,,,,,,,
C4_attribution_MPC,step_reference,19029,7.074838215028585,3.9761020268155103,7.074838215028585,,1,,,1.6400000000000001,0.27287853577371046,1,3.0,0.7271214642262895,0.27287853577371046,0.0,0.0,0.0,0.0,7015.701224762045,144.89532154512028,0,0,0,0,0,,0,79.30193057851764,0.4293927711328666,0.008703098119471564,0.006317211682941298,0.492844578343348,79.33003223148593,10.436191599999802,1.0623301993951935,,0.3383080099330661,,1.0623301993951935,,0.25563312055614257,,164,0.0,0.0,1.0,0,0,0,0,0,0,0,0,164.0,3.0,10.0,0.5281818181818182,0,0.0,0.4991394148020654,0.5008605851979346,161.0,0.048431497408068507,0.043199999709031545,0.07949999962875154,0.11066000006394466,0.4457831325301205,0.0,0.0,0.0,0.5542168674698795,,,
B_plain_MPC,step_reference,19030,7.060832797039289,3.7905917505292215,7.060832797039289,,0,0.0,0.0,0.0,0.0,0,6.0,1.0,0.0,0.0,0.0,0.0,0.0,7189.115164260859,165.13290608465823,0,0,0,0,0,,0,88.92345702481767,0.0,0.0,0.0,0.0,88.94577190086456,11.28349629999866,,,,,,,,,0,0.0,0.0,0.0,0,0,0,0,0,0,0,0,,,,,0,,,,,,,,,,,,,,,,
C3_arbitration_MPC,step_reference,19030,7.060878675749541,3.7926481714096525,7.060878675749541,,0,0.0,0.0,0.01,0.0016638935108153079,2,2.0,0.9983361064891847,0.0016638935108153079,0.0,0.0,0.0,0.0,7194.747044951408,163.5795868048709,0,0,0,0,0,,0,99.80740991727356,0.4377203097986689,0.010430120483242983,0.006433046496685245,0.45458347677859706,99.83133636351265,12.913417800000389,0.22457473949302909,0.22457473949302909,0.23534755406683416,0.23534755406683416,0.22457473949302909,0.22457473949302909,0.7702143605688292,0.7702143605688292,1,0.0,0.0,0.0,0,0,0,0,0,0,0,0,,,,,0,,,,,,,,,,,,,,,,
C4_attribution_MPC,step_reference,19030,7.060878675749541,3.7926481714096525,7.060878675749541,,0,,,0.01,0.0016638935108153079,2,2.0,0.9983361064891847,0.0016638935108153079,0.0,0.0,0.0,0.0,7194.747044951408,163.5795868048709,0,0,0,0,0,,0,91.12630165288488,0.4311728054726105,0.007702237489740861,0.005842857138456523,0.4983440618371457,91.15257933877758,11.882395999999062,0.22457473949302909,,0.23534755406683416,,0.22457473949302909,,0.7702143605688292,,1,0.0,0.0,0.0,0,0,0,0,0,0,0,0,1.0,1.0,9.0,0.5810000000000001,0,0.0,0.7762478485370051,0.22375215146299485,0.0,0.05362616173633781,0.05269999928714242,0.08349999916390516,0.11535999983607391,0.6953528399311532,0.0,0.0,0.0,0.3046471600688468,,,
