controller,scenario,repetitions,RMSE,MAE,IAE,ISE,max_abs_error,overshoot_percent,settling_time_s,recovery_time_s,fault_interval_RMSE,fault_interval_IAE,fault_interval_ISE,fault_interval_peak_error,control_effort_sum_u2,control_variation_sum_du2,constraint_violations,voltage_violations,rate_violations,nonfinite_events,optimizer_failures,average_solve_ms,p95_solve_ms,max_solve_ms,tail_oscillation,sensor_substitution_rate,substitution_fraction,recovery_events,false_recovery_events,sensor_recovery_latency_s,medium_mode_fraction,high_mode_fraction,safety_events,RMSE_std,MAE_std,IAE_std,ISE_std,max_abs_error_std,overshoot_percent_std,settling_time_s_std,recovery_time_s_std,fault_interval_RMSE_std,fault_interval_IAE_std,fault_interval_ISE_std,fault_interval_peak_error_std,control_effort_sum_u2_std,control_variation_sum_du2_std,constraint_violations_std,voltage_violations_std,rate_violations_std,nonfinite_events_std,optimizer_failures_std,average_solve_ms_std,p95_solve_ms_std,max_solve_ms_std,tail_oscillation_std,sensor_substitution_rate_std,substitution_fraction_std,recovery_events_std,false_recovery_events_std,sensor_recovery_latency_s_std,medium_mode_fraction_std,high_mode_fraction_std,safety_events_std
A_PI,bias_15,5,12.891903429058436,9.289520697963823,55.65451956518781,992.7451896327641,35.062866971588775,19.066119240028957,4.768,0.7680000000000001,10.804765656521983,19.401673506720616,232.89393625894053,14.90259691810158,5899.4392960582745,39.68834491148154,0.0,0.0,0.0,0.0,0.0,0.0,0.0,0.0,4.062452569062562,0.0,0.0,0.0,0.0,,0.0,0.0,0.0,0.01575179492182514,0.01068846944940367,0.06431133631704583,2.4399621513252523,0.0,0.2211633360174395,0.5154803585006903,0.5154803585006902,0.07634348828400654,0.12672419991576028,3.293795872609777,0.14627763327931592,13.80607671966076,0.7837876083887723,0.0,0.0,0.0,0.0,0.0,0.0,0.0,0.0,0.12139022860273321,0.0,0.0,0.0,0.0,,0.0,0.0,0.0
A_PI,bias_5,5,11.435700254285315,6.818137786041777,40.79997017437439,779.8341271577613,35.062866971588775,18.9576231235075,4.164,0.16400000000000006,4.994711227802247,9.139798545074095,49.722554303986314,7.143120458672849,5874.187234236049,30.113235535091764,0.0,0.0,0.0,0.0,0.0,0.0,0.0,0.0,2.091306297325933,0.0,0.0,0.0,0.0,,0.0,0.0,0.0,0.01317234503214805,0.020589021134481123,0.12364880458802065,1.8093733632455757,0.0,0.0709273977572714,0.01140175425099112,0.011401754250991138,0.031490101165994856,0.05372737520442016,0.6276353547736586,0.06313456663202931,9.077622588016974,0.7317518887270935,0.0,0.0,0.0,0.0,0.0,0.0,0.0,0.0,0.19532935538464502,0.0,0.0,0.0,0.0,,0.0,0.0,0.0
A_PI,changing_reference,5,9.705788057104641,7.736266487122879,46.39345101802706,564.1614575303463,20.062866971588775,52.26347051871835,,,9.705788057104641,46.39345101802706,564.1614575303463,20.062866971588775,5734.647692844535,43.95532675724045,0.0,0.0,0.0,0.0,0.0,0.0,0.0,0.0,5.603548563071653,0.0,0.0,0.0,0.0,,0.0,0.0,0.0,0.03532537231761714,0.03616456314212259,0.21717568877491802,4.122374812629355,0.0,0.3565436371591268,,,0.03532537231761714,0.21717568877491802,4.122374812629355,0.0,7.40958541130114,0.49257620275379754,0.0,0.0,0.0,0.0,0.0,0.0,0.0,0.0,0.0907010048268669,0.0,0.0,0.0,0.0,,0.0,0.0,0.0
A_PI,combined_fault_load,5,11.569400936703932,7.354199464689737,44.00577064154148,798.2563140071554,35.062866971588775,18.934167719514786,2.322,1.7580000000000002,4.649877802167022,12.237556627167908,64.97984183449621,7.897444146481372,7555.971716133829,28.15995935673815,0.0,0.0,0.0,0.0,0.0,0.0,0.0,0.0,2.243294915857214,0.0,0.0,0.0,0.0,,0.0,0.0,0.0,0.015544940464971835,0.03937327371102096,0.23674998828915148,2.1621282330175555,0.0,0.2767157853072106,0.004472135954999633,0.03633180424916991,0.03623991600865977,0.14369725656777005,1.0141608649088276,0.06842452407315389,6.853081157735492,0.5250066503168483,0.0,0.0,0.0,0.0,0.0,0.0,0.0,0.0,0.16269270475818753,0.0,0.0,0.0,0.0,,0.0,0.0,0.0
A_PI,load_disturbance,5,11.283540683215893,6.437026721913544,38.50824698883978,759.0564110391211,35.062866971588775,19.100718474307325,2.328,1.076,2.872390514225463,6.6714614042504135,24.79647640266441,5.665898260272843,8176.688163178919,27.449726707264034,0.0,0.0,0.0,0.0,0.0,0.0,0.0,0.0,2.4560730196821026,0.0,0.0,0.0,0.0,,0.0,0.0,0.0,0.011987985926114088,0.025337627632191648,0.1520331231495955,1.626207105668805,0.0,0.17052696837192477,0.010954451150103387,0.008944271909998983,0.03363681568050565,0.12033851292989341,0.5788939846181425,0.051087352235121695,11.034138258511991,0.25976611364652546,0.0,0.0,0.0,0.0,0.0,0.0,0.0,0.0,0.1897394525221258,0.0,0.0,0.0,0.0,,0.0,0.0,0.0
A_PI,nominal_tracking,5,11.134484365088007,5.761499914885436,34.450273437091404,738.975301365021,35.062866971588775,19.102676087354403,2.332,2.332,11.134484365088007,34.450273437091404,738.975301365021,35.062866971588775,5985.220058966276,25.952540591308768,0.0,0.0,0.0,0.0,0.0,0.0,0.0,0.0,0.6616999079636343,0.0,0.0,0.0,0.0,,0.0,0.0,0.0,0.00983926277120895,0.015602371711601112,0.09342129962128501,1.3166643385075982,0.0,0.16342444593423314,0.008366600265340656,0.008366600265340656,0.00983926277120895,0.09342129962128501,1.3166643385075982,0.0,5.825341351641672,0.20841445762355978,0.0,0.0,0.0,0.0,0.0,0.0,0.0,0.0,0.07775260731030212,0.0,0.0,0.0,0.0,,0.0,0.0,0.0
A_PI,parameter_variation,5,11.200798782446714,6.178183195669047,36.95286185326179,747.8756024462602,35.062866971588775,19.14953790528179,2.332,1.2080000000000002,2.090135968146905,5.077411559686429,13.112627103439655,3.647582105624984,7821.639856433675,26.538338785257338,0.0,0.0,0.0,0.0,0.0,0.0,0.0,0.0,0.3824552920333801,0.0,0.0,0.0,0.0,,0.0,0.0,0.0,0.010075057348506708,0.02396779753467525,0.14414171437384662,1.3563952205677927,0.0,0.2064816171096847,0.004472135954999472,0.01788854381999821,0.039161493533309354,0.08161814395023345,0.49005487592427804,0.06639246870544621,12.211866730612776,0.6326615368199515,0.0,0.0,0.0,0.0,0.0,0.0,0.0,0.0,0.0530749093078821,0.0,0.0,0.0,0.0,,0.0,0.0,0.0
A_PI,sensor_drift,5,11.887978531868953,8.235258510924217,49.272700786125476,842.8069055881572,35.062866971588775,19.16031896933251,2.318,0.3179999999999999,5.362969319626841,19.647589317510345,114.77668802044892,9.24057290581265,5048.972686592948,26.02072205056395,0.0,0.0,0.0,0.0,0.0,0.0,0.0,0.0,2.9509412034671163,0.0,0.0,0.0,0.0,,0.0,0.0,0.0,0.01739545117544024,0.03303950078040383,0.1981027179711105,2.4766390210493556,0.0,0.25693773613148113,0.0044721359549995034,0.004472135954999479,0.05517827405005665,0.17644831763632832,2.365547123450628,0.11198614470932154,6.131913160865911,0.45645869053028226,0.0,0.0,0.0,0.0,0.0,0.0,0.0,0.0,0.12518123954407756,0.0,0.0,0.0,0.0,,0.0,0.0,0.0
A_PI,sensor_dropout,5,19.127474321900074,15.56450892484061,93.34199557009707,2192.56769606684,35.062866971588775,94.26106728526376,,,20.005464864901835,35.13257294600301,795.1323176766375,32.15854986334689,9712.485204347837,65.83175066261826,0.0,0.0,0.0,0.0,0.0,0.0,0.0,0.0,13.278240103244661,0.0,0.0,0.0,0.0,,0.0,0.0,0.0,0.03095171026508959,0.049535775123991994,0.29737980671299163,7.112273432911552,0.0,0.08044125541183732,,,0.05154980878070618,0.14523173235420775,4.106566097631209,0.031867048950160466,15.57566658967587,0.21487162719750952,0.0,0.0,0.0,0.0,0.0,0.0,0.0,0.0,0.10473247964041754,0.0,0.0,0.0,0.0,,0.0,0.0,0.0
A_PI,sensor_noise,5,11.124370671116775,5.709201448484681,34.13600482865159,737.624883748643,35.062866971588775,19.183325957537477,2.348,0.10400000000000009,2.1371884010000226,3.465517618911177,9.072908943092646,5.321345657697952,6021.753058456144,61.45579904246665,0.0,0.0,0.0,0.0,0.0,0.0,0.0,0.0,0.5861088466829685,0.0,0.0,0.0,0.0,,0.0,0.0,0.0,0.02540579382059376,0.2218976657492171,1.3329132554333418,3.3987756175097315,0.0,0.3449089433804876,0.02049390153191918,0.23255106965997835,0.2313688382767181,0.5811034479837689,1.9342837469350767,0.09017153052749229,51.76699072435435,8.011014855121154,0.0,0.0,0.0,0.0,0.0,0.0,0.0,0.0,0.38141687675516334,0.0,0.0,0.0,0.0,,0.0,0.0,0.0
A_PI,step_reference,5,7.20250527622778,4.64235938445762,27.79847258073597,309.7749780494703,20.062866971588775,10.159701639346384,0.8560000000000001,0.8560000000000001,7.20250527622778,27.79847258073597,309.7749780494703,20.062866971588775,6157.745958331606,27.888940256334898,0.0,0.0,0.0,0.0,0.0,0.0,0.0,0.0,0.8649095969240506,0.0,0.0,0.0,0.0,,0.0,0.0,0.0,0.011687178291432907,0.017680788104817702,0.10627833944335122,1.0116318758574971,0.0,0.22920142535704577,0.00894427190999915,0.00894427190999915,0.011687178291432907,0.10627833944335122,1.0116318758574971,0.0,5.122220352698662,0.5095817129728367,0.0,0.0,0.0,0.0,0.0,0.0,0.0,0.0,0.03735184170266188,0.0,0.0,0.0,0.0,,0.0,0.0,0.0
B_plain_MPC,bias_15,5,11.862934852367125,7.395916839661969,44.273807715416496,839.6641547725224,35.062866971591575,8.43839848499211,1.558,0.6380000000000001,7.682114952247434,13.701104930591526,117.69590269218236,10.373279517082759,6677.531792503525,230.44496654390895,0.0,0.0,0.0,0.0,0.0,65.5463907436765,121.62888000020757,153.4485800017137,1.4802554327245303,0.0,0.0,0.0,0.0,,0.0,0.0,0.0,0.03711209244777298,0.08290307725615048,0.4981664911272847,5.291884290197793,4.836690550471518e-12,0.955470651727511,0.03420526275297417,0.20849460424672878,0.19297608934867475,0.598340291842897,5.914721373848363,0.3629722726549031,179.71081627526502,19.187122070556676,0.0,0.0,0.0,0.0,0.0,7.7610020140375635,14.389086846726913,9.846998546400853,0.5777236504848221,0.0,0.0,0.0,0.0,,0.0,0.0,0.0
B_plain_MPC,bias_5,5,10.946277991862257,5.480699383269214,32.76280401756516,713.9993214315148,35.06286697159043,8.18551824578378,1.54,0.2039999999999999,2.8147634610241843,5.16399633297042,15.802198475849465,4.134520215413529,6550.104917089881,220.14518380336418,0.0,0.0,0.0,0.0,0.0,72.04383603317137,119.23505999729969,146.08481999894138,0.5629816445459298,0.0,0.0,0.0,0.0,,0.0,0.0,0.0,0.009223361613359514,0.03629090723805854,0.21789473803469736,1.2136217821754278,1.9820353677793495e-12,2.116647446247611,0.08000000000000007,0.020736441353327646,0.04926422810931894,0.09783637430559124,0.5566362976950161,0.2525130824275957,93.98778379978965,13.079320145153332,0.0,0.0,0.0,0.0,0.0,8.084669925302743,17.09810922354366,20.448101037656233,0.22857877503083557,0.0,0.0,0.0,0.0,,0.0,0.0,0.0
B_plain_MPC,changing_reference,5,7.21172253825483,4.25895661354649,25.495649227955795,310.5805867674379,20.10964565509197,36.25745889682848,0.7440000000000001,0.7440000000000001,7.21172253825483,25.495649227955795,310.5805867674379,20.10964565509197,6661.145104856524,220.18225933471453,0.0,0.0,0.0,0.0,0.0,75.32040826451468,155.0176199991256,189.5609200000763,1.7398252449460259,0.0,0.0,0.0,0.0,,0.0,0.0,0.0,0.03799297585640907,0.05423758905432247,0.32600272494145105,3.297444593280187,0.10460031621013288,1.3170884990081062,0.03507135583350019,0.03507135583350019,0.03799297585640907,0.32600272494145105,3.297444593280187,0.10460031621013288,39.35463325269699,10.213942734954884,0.0,0.0,0.0,0.0,0.0,11.438701291339711,26.306421718857393,36.66420124441145,0.3199623425253696,0.0,0.0,0.0,0.0,,0.0,0.0,0.0
B_plain_MPC,combined_fault_load,5,11.222412496170701,6.473454500157783,38.711522386237924,750.727020811389,35.06286697159411,7.966782557521375,1.538,,4.266019501193825,12.23083626560324,54.81662791783596,7.315532599732006,8001.466778547435,179.91689814539498,0.0,0.0,0.0,0.0,0.0,77.31854545445833,131.43636000022525,154.44497999851592,0.3174381847287968,0.0,0.0,0.0,0.0,,0.0,0.0,0.0,0.043491823055907125,0.10854203289269124,0.6523308874684501,5.863302810031128,5.0709807755785885e-12,1.0675904046581375,0.04549725266430927,,0.21343339555638743,0.495728766456023,5.466271215492734,0.6930328291051444,96.77305159863675,10.639840794446688,0.0,0.0,0.0,0.0,0.0,5.222153363302245,8.242084790710484,16.960557714255565,0.136129494955255,0.0,0.0,0.0,0.0,,0.0,0.0,0.0
B_plain_MPC,load_disturbance,5,10.824818903036077,4.835371590175384,28.881751467020457,698.1042604268424,35.06286697159214,7.95644411335538,1.542,0.054000000000000006,0.8706506122473436,2.489584362363288,2.280346062939505,1.6973354657622024,8380.231000481772,151.29402267407957,0.0,0.0,0.0,0.0,0.0,82.7562155372926,140.5081799995969,181.64809999871068,0.4155761836452342,0.0,0.0,0.0,0.0,,0.0,0.0,0.0,0.006791853797914176,0.061300056224807116,0.36856608176072286,0.8842065553305289,5.0211383617457955e-12,1.1025488411529043,0.03834057902536168,0.12074767078498866,0.026533076273507768,0.08008097247920225,0.14079263241470083,0.09816811657567538,105.72723901616325,17.19398283477162,0.0,0.0,0.0,0.0,0.0,3.768806177518451,10.197137109147004,40.25925935433977,0.1076509030178552,0.0,0.0,0.0,0.0,,0.0,0.0,0.0
B_plain_MPC,nominal_tracking,5,10.807872738159244,4.4923492698595995,26.823430215142956,695.9037419740102,35.06286697159445,7.9720371963652905,1.538,1.538,10.807872738159244,26.823430215142956,695.9037419740102,35.06286697159445,6215.010632294779,140.85222140293473,0.0,0.0,0.0,0.0,0.0,90.13174710730823,152.1151600012672,188.9411000011023,0.49649720700992217,0.0,0.0,0.0,0.0,,0.0,0.0,0.0,0.0037972110522575316,0.046006303233747575,0.27657646152197934,0.4932377838210259,2.639714078712189e-12,0.8173798810140858,0.029495762407505288,0.029495762407505288,0.0037972110522575316,0.27657646152197934,0.4932377838210259,2.639714078712189e-12,75.02343509826976,13.300426947975891,0.0,0.0,0.0,0.0,0.0,11.972872782989901,24.49808837080913,46.2686564258992,0.2460328167720066,0.0,0.0,0.0,0.0,,0.0,0.0,0.0
B_plain_MPC,parameter_variation,5,10.821341679018591,4.791328572209364,28.61731072924358,697.6521073904947,35.0628669715912,8.546591157577677,1.56,0.0,0.6617471936689063,1.9529738057285724,1.3179157650722506,0.8826866237601223,7853.021852869157,142.89256526235022,0.0,0.0,0.0,0.0,0.0,81.60626611556648,135.7354799998575,161.61099999881117,0.33175590071392663,0.0,0.0,0.0,0.0,,0.0,0.0,0.0,0.003973002337956087,0.04711256108731194,0.28299233627900444,0.5165849774722057,4.260896167212404e-12,0.34517520494346215,0.012247448713915868,0.0,0.03222416696794654,0.09591082379491157,0.13041160672178984,0.018361705998721507,72.42788645038041,11.157363484718848,0.0,0.0,0.0,0.0,0.0,5.574059307973526,5.709975929635079,19.52275835984676,0.10032486798865378,0.0,0.0,0.0,0.0,,0.0,0.0,0.0
B_plain_MPC,sensor_drift,5,11.575887333532233,7.337171658988737,43.87686334068614,798.8254587528692,35.0628669715898,8.689207249092302,1.564,0.0,5.0658538000807365,17.494891428309824,102.5127266944836,8.907665967232138,5322.313492260644,147.75160006911568,0.0,0.0,0.0,0.0,0.0,79.03855471071559,127.62774000148056,147.9386999984854,2.3892731709851227,0.0,0.0,0.0,0.0,,0.0,0.0,0.0,0.00695139741565847,0.04658267893834387,0.2799255517459708,0.9711496567411344,2.1884427889894388e-12,1.5488923070288456,0.052249401910452645,0.0,0.02505275385558647,0.1416451277512218,1.0288981259336554,0.12045892521397226,98.01524484979772,13.834403867610032,0.0,0.0,0.0,0.0,0.0,11.40982214952365,22.60693263888518,30.277779325606584,0.25769661931615717,0.0,0.0,0.0,0.0,,0.0,0.0,0.0
B_plain_MPC,sensor_dropout,5,27.553675952302097,23.345035836765682,139.92078163978792,4548.110109429707,41.576747834761505,118.79070809931859,1.574,,20.952198554100004,36.242067941533634,872.6599244503211,32.983229185347824,15041.147527524765,78.01979966448991,0.0,0.0,0.0,0.0,0.0,36.14133057849095,84.15883999987273,131.08835999883013,2.5845482329981793,0.0,0.0,0.0,0.0,,0.0,0.0,0.0,0.10777085678514456,0.13646981579935819,0.8200062556587995,35.67513042842398,0.03553938709138963,0.10154110597540249,0.02792848008753795,,0.26352999809994193,0.5996687271717495,22.01470943289962,0.18733237730455793,62.66851667464809,4.238913194333457,0.0,0.0,0.0,0.0,0.0,4.4639511956144995,14.086897684149754,15.496425581498027,0.04600843033079004,0.0,0.0,0.0,0.0,,0.0,0.0,0.0
B_plain_MPC,sensor_noise,5,10.843093243026209,4.88314576840482,29.172275489412062,700.4877904334791,35.06286697159221,8.510580013343493,1.556,0.018000000000000148,1.4052906050867933,2.305798721077956,4.02734839792522,2.7111378111739106,6671.717529925845,246.11680039716467,0.0,0.0,0.0,0.0,0.0,76.7742257850285,136.3496199977817,164.99927999975625,0.5468959609354258,0.0,0.0,0.0,0.0,,0.0,0.0,0.0,0.014971025056050285,0.10081910192264643,0.6058912705734334,1.9502980913846122,5.107500101304723e-12,1.3501465688651462,0.04615192303685736,0.026832815729997697,0.23563782262721591,0.334760399841264,1.2493801836778489,0.6522934767708769,202.10149422418786,23.14374630151387,0.0,0.0,0.0,0.0,0.0,9.325571832214182,20.03670136762199,26.435020241197865,0.4237719179905112,0.0,0.0,0.0,0.0,,0.0,0.0,0.0
B_plain_MPC,step_reference,5,7.067952116075444,3.7716922196745424,22.567397696501363,298.2384524732629,20.062866971588903,4.422432811131056,0.77,0.77,7.067952116075444,22.567397696501363,298.2384524732629,20.062866971588903,7180.297519389777,166.27360766664185,0.0,0.0,0.0,0.0,0.0,68.21991719023136,121.03514000191353,156.09631999977864,0.35713256293512785,0.0,0.0,0.0,0.0,,0.0,0.0,0.0,0.02611009393203071,0.03169984511673871,0.1902329244798458,2.223534502865148,1.7465300880055312e-13,0.6250089406768358,0.1341640786499875,0.1341640786499875,0.02611009393203071,0.1902329244798458,2.223534502865148,1.7465300880055312e-13,49.475939334085375,18.653328369792533,0.0,0.0,0.0,0.0,0.0,11.902509615545801,23.895912308231267,40.62024797851122,0.17206651215538768,0.0,0.0,0.0,0.0,,0.0,0.0,0.0
C_sensor_MPC,bias_15,5,10.8130340963129,4.627747618952316,27.635656706174892,696.5736930573682,35.062866971591575,8.43839848499211,1.558,0.0,0.33378004008792206,0.5933483416615634,0.25002702371941826,0.6589982137294925,6114.763597431566,91.3493914002016,0.0,0.0,0.0,0.0,0.0,45.60900876041904,103.78080000082264,134.89153999980772,0.1231867658881555,0.6675540765391015,0.6675540765391015,0.0,0.0,,0.0,0.0,0.0,0.005397761540557182,0.06934657623811194,0.416510045867545,0.7013304171896191,4.836690550471518e-12,0.955470651727511,0.03420526275297417,0.0,0.13226725554331054,0.24416216867932883,0.1772306838873261,0.2511735674707348,72.76531914976364,15.10481753087541,0.0,0.0,0.0,0.0,0.0,6.848580276646473,15.627294991120415,20.67706091457327,0.015597568507264875,0.0007441157995007628,0.0007441157995007628,0.0,0.0,,0.0,0.0,0.0
C_sensor_MPC,bias_5,5,10.835964601524198,4.755495806267399,28.4036233940903,699.5665787653325,35.06286697159043,10.221427817670676,1.73,0.0,0.5985279270212118,1.0132525966508332,1.097081305642367,1.2171732800386081,6214.028029698903,97.3845104050432,0.0,0.0,0.0,0.0,0.0,46.08501008274476,103.85166000050958,135.1634999999078,0.13240896009590414,0.7131447587354409,0.7131447587354409,0.0,0.0,,0.0,0.0,0.0,0.04415480302158372,0.22900956990176694,1.3765971914358526,5.765730871030411,1.9820353677793495e-12,3.84131618996319,0.38587562763149486,0.0,0.4909809406905958,0.8383226275122185,1.7356369115559613,0.9305077691804723,105.36141471919123,15.60388338043694,0.0,0.0,0.0,0.0,0.0,6.1257735538163685,15.08083733122646,23.62787203046325,0.021518437623441744,0.1017603862209215,0.1017603862209215,0.0,0.0,,0.0,0.0,0.0
C_sensor_MPC,changing_reference,5,7.21172208823849,4.258955240422571,25.495640972929163,310.580547867536,20.10964565509197,36.25746135292409,0.7440000000000001,0.7440000000000001,7.21172208823849,25.495640972929163,310.580547867536,20.10964565509197,6661.142691110535,220.18133337533533,0.0,0.0,0.0,0.0,0.0,72.31577669434135,136.74660000106087,184.48860000207787,1.7398294326197052,0.00033277870216306157,0.00033277870216306157,0.0,0.0,,0.0,0.0,0.0,0.037993277843962406,0.054239593478863105,0.32601477130751993,3.297470730655959,0.10460031621013288,1.3170862082871277,0.03507135583350019,0.03507135583350019,0.037993277843962406,0.32601477130751993,3.297470730655959,0.10460031621013288,39.35799052278516,10.214244470563052,0.0,0.0,0.0,0.0,0.0,9.567713252843804,22.59463137034982,46.36612173677545,0.3199548766173926,0.000744115799500762,0.000744115799500762,0.0,0.0,,0.0,0.0,0.0
C_sensor_MPC,combined_fault_load,5,13.623727308863522,9.85171605783088,58.95403769394041,1108.0968494436158,35.06286697159411,7.966782557521375,1.538,,11.720034598832665,32.47364126037836,412.1865070912369,15.955162724635803,6127.744679282068,98.58214848991118,0.0,0.0,0.0,0.0,0.0,53.610533388263704,118.86326000094414,155.16336000000592,1.9272802090207541,0.5011647254575707,0.5011647254575707,0.0,0.0,,0.0,0.0,0.0,0.024787667482976145,0.04760624073379728,0.2861757677436175,4.061264771892472,5.0709807755785885e-12,1.0675904046581375,0.04549725266430927,,0.058328312500410116,0.2283713742201318,4.124846215393707,0.026533344145361976,97.18140265097405,11.138017249379137,0.0,0.0,0.0,0.0,0.0,4.253100276759778,11.657388390630446,22.339350935852238,0.08123077695093223,0.0007441157995007628,0.0007441157995007628,0.0,0.0,,0.0,0.0,0.0
C_sensor_MPC,load_disturbance,5,10.824771098980742,4.8345514295939,28.87680518647038,698.0980137528668,35.06286697159214,7.95644411335538,1.542,0.054000000000000006,0.8694360241409317,2.484638081813213,2.2740993889638466,1.6973354657622024,8378.316156175037,150.93113665031518,0.0,0.0,0.0,0.0,0.0,81.35651173548723,137.16509999940172,170.47742000140715,0.4155761836452342,0.00033277870216306157,0.00033277870216306157,0.0,0.0,,0.0,0.0,0.0,0.006838504185914045,0.06213836246553348,0.37362797672126424,0.8903065837473825,5.0211383617457955e-12,1.1025488411529043,0.03834057902536168,0.12074767078498866,0.027642120630152457,0.08506603811965859,0.14649693392594756,0.09816811657567538,107.17274165637056,17.19318125595666,0.0,0.0,0.0,0.0,0.0,7.7604140318840065,11.088517155667851,9.052599235756489,0.1076509030178552,0.000744115799500762,0.000744115799500762,0.0,0.0,,0.0,0.0,0.0
C_sensor_MPC,nominal_tracking,5,10.807837868225462,4.490674158752664,26.813410528595078,695.8992200379769,35.06286697159445,7.9720371963652905,1.538,1.538,10.807837868225462,26.813410528595078,695.8992200379769,35.06286697159445,6211.317489353305,140.40175130220672,0.0,0.0,0.0,0.0,0.0,79.86805338850525,131.08869999996386,161.40962000208674,0.49468138886704904,0.0013311148086522463,0.0013311148086522463,0.0,0.0,,0.0,0.0,0.0,0.003789315164494594,0.04561984097607728,0.2743383966846404,0.49221772578390555,2.639714078712189e-12,0.8173798810140858,0.029495762407505288,0.029495762407505288,0.003789315164494594,0.2743383966846404,0.49221772578390555,2.639714078712189e-12,75.93611842303099,13.586132333954,0.0,0.0,0.0,0.0,0.0,15.619010513580871,27.724210819833065,33.714685930719256,0.2447638353754822,0.0013921131889086116,0.0013921131889086116,0.0,0.0,,0.0,0.0,0.0
C_sensor_MPC,parameter_variation,5,10.93194260274679,5.140850449255633,30.710270255725817,712.3383375903708,35.0628669715912,8.546591157577677,1.56,0.0,1.5276399562293288,4.043655645299255,16.003372477022392,2.392003523290394,7591.152386770284,139.79117427813003,0.0,0.0,0.0,0.0,0.0,79.01456958665042,137.9994999981136,160.41451999917626,0.7127824994472653,0.0821963394342762,0.0821963394342762,0.0,0.0,,0.0,0.0,0.0,0.24844472265059844,0.8000760352768341,4.791261833026493,32.9866645900889,4.260896167212404e-12,0.34517520494346215,0.012247448713915868,0.0,1.9388286577257352,4.687960012347475,32.846088048754254,3.3623665018669735,556.8918730200579,11.048383533184849,0.0,0.0,0.0,0.0,0.0,9.360825349368795,9.459011433568605,15.38906486299771,0.893330625242668,0.18286787706781024,0.18286787706781024,0.0,0.0,,0.0,0.0,0.0
C_sensor_MPC,sensor_drift,5,11.575913613443715,7.3382204903478705,43.88317404415587,798.8292470069241,35.0628669715898,8.689207249092316,1.564,0.0,5.065945854344699,17.501298184461085,102.51658541519905,8.906220566965578,5322.721881867181,147.4877119451034,0.0,0.0,0.0,0.0,0.0,80.36030297502414,131.49006000021473,173.69307999906596,2.3865409304276177,0.004658901830282862,0.004658901830282862,0.4,0.0,,0.0,0.0,0.0,0.006967693338717684,0.04751874247078026,0.28554146713892015,0.9734339487556017,2.1884427889894388e-12,1.5488923070288678,0.052249401910452645,0.0,0.024980815912487072,0.1374033091125669,1.0258552082116326,0.11860318225180583,98.38569296133092,13.24701397033745,0.0,0.0,0.0,0.0,0.0,11.304802385292147,21.11856816812994,23.351106303605846,0.25512400406597496,0.005691391473040622,0.005691391473040622,0.5477225575051661,0.0,,0.0,0.0,0.0
C_sensor_MPC,sensor_dropout,5,10.81837376892147,4.68865225528379,28.00186898442066,697.2680057802537,35.062866971588775,8.94218888341371,1.574,0.0,0.4711009410992199,0.8077162389842002,0.49018891292032923,1.00686934480903,6175.623838023076,98.82566993075802,0.0,0.0,0.0,0.0,0.0,52.45160694196311,124.19206000049599,259.41989999992074,0.13975761379730045,0.6675540765391015,0.6675540765391015,0.0,0.0,,0.0,0.0,0.0,0.005083495096477301,0.08856271156192168,0.5322219196534775,0.6612271054128219,0.0,0.8015971733892722,0.02792848008753795,0.0,0.17288324951057513,0.3739431223602815,0.34342266387626447,0.29785339215861895,51.06370413342343,14.58272107952671,0.0,0.0,0.0,0.0,0.0,5.231141402056996,26.664418483279928,228.1188620584065,0.028844481909320832,0.0007441157995007628,0.0007441157995007628,0.0,0.0,,0.0,0.0,0.0
C_sensor_MPC,sensor_noise,5,10.814029804501041,4.649254803176271,27.76489345709056,696.7030941399034,35.06286697159221,8.407818648648032,1.556,0.0,0.4011648335597912,0.7181346389811072,0.3445812711116095,0.7755456656778165,6117.742144591092,90.16537783939056,0.0,0.0,0.0,0.0,0.0,52.032704462962556,117.22502000047825,165.1198800012935,0.12935158298249405,0.6648918469217969,0.6648918469217969,0.0,0.0,,0.0,0.0,0.0,0.005234516144233882,0.047519499348335534,0.2853812084221596,0.680626628617945,5.107500101304723e-12,1.323463134184751,0.04615192303685736,0.0,0.12144170188417841,0.25395899159806423,0.20225007264325337,0.18373099746630153,50.925216593936575,4.479654697461834,0.0,0.0,0.0,0.0,0.0,7.0996724982021355,20.636403771031326,15.457693305623884,0.0197166579770302,0.001488231599001518,0.001488231599001518,0.0,0.0,,0.0,0.0,0.0
C_sensor_MPC,step_reference,5,7.067956164910792,3.7721436267165545,22.570075968323415,298.2387921576132,20.062866971588903,4.422432811131056,0.77,0.77,7.067956164910792,22.570075968323415,298.2387921576132,20.062866971588903,7181.214248364553,166.25196180806398,0.0,0.0,0.0,0.0,0.0,68.23501619829051,127.05037999985507,165.46764000086114,0.3528058273415667,0.0009983361064891847,0.0009983361064891847,0.0,0.0,,0.0,0.0,0.0,0.026108968577685295,0.031735019119154155,0.19043847335946534,2.223440921577171,1.7465300880055312e-13,0.6250089406768358,0.1341640786499875,0.1341640786499875,0.026108968577685295,0.19043847335946534,2.223440921577171,1.7465300880055312e-13,49.8366095520004,17.50870505307898,0.0,0.0,0.0,0.0,0.0,12.680610750314205,34.79670055048008,43.721601636049556,0.1657830301748753,0.0009113520091600102,0.0009113520091600102,0.0,0.0,,0.0,0.0,0.0
D_adaptive,bias_15,5,10.835513094530892,4.738512706749697,28.3016519622126,699.4988317532597,35.062866971591575,11.701433771727535,1.748,0.0,0.4318317375324952,0.6731066614298482,0.3926196204270512,1.225366349309138,6248.299186085819,98.02141166800602,0.0,0.0,0.0,0.0,0.0,48.27646909087746,106.550279998919,151.2524999998277,0.11211108266829087,0.6675540765391015,0.6675540765391015,0.0,0.0,,0.05291181364392679,0.004658901830282862,0.0,0.00862182610943548,0.046804749289807934,0.2812027354012775,1.1229688440919645,4.836690550471518e-12,0.8035271112551722,0.19740820651634527,0.0,0.13443607924848275,0.14996595631418008,0.2547096937514949,0.642733917669703,78.08341783795119,5.970118082160823,0.0,0.0,0.0,0.0,0.0,7.579433253324368,15.097727075996247,19.899953669454984,0.02513206445661193,0.0007441157995007628,0.0007441157995007628,0.0,0.0,,0.04221504752798508,0.005442737848185067,0.0
D_adaptive,bias_5,5,11.008585230440312,5.38475458936472,32.184876859292444,722.667292625627,35.06286697159043,17.27227811417864,1.86,0.0,1.3035130331130445,2.1636523600999853,6.5968658145952945,2.597444570351281,6805.2084726364,105.5716804905464,0.0,0.0,0.0,0.0,0.0,51.108905950283116,118.3136799998465,146.73867999954382,2.0830972501933767,0.7131447587354409,0.7131447587354409,0.0,0.0,,0.17936772046589017,0.1803660565723794,0.0,0.30535251764543625,1.1246724218199222,6.757858011747196,41.12433296972615,1.9820353677793495e-12,6.301367384882045,0.29017236257093815,0.0,1.4252848921219519,2.49011581407929,11.930474448835279,2.363889226218773,832.7774635461102,17.887206270045688,0.0,0.0,0.0,0.0,0.0,7.031273810378587,24.77081953178456,19.395076650089404,4.106285513799431,0.1017603862209215,0.1017603862209215,0.0,0.0,,0.3469694760486517,0.3655733461534816,0.0
D_adaptive,changing_reference,5,7.2165149326696865,4.290395526449154,25.684415977645237,310.99518268232384,20.10964565509197,36.25746135292409,0.8580000000000002,0.8580000000000002,7.2165149326696865,25.684415977645237,310.99518268232384,20.10964565509197,6685.301027084916,220.07677316445384,0.0,0.0,0.0,0.0,0.0,71.41644611570085,140.38672000024235,189.4532000005711,2.1274177337302747,0.00033277870216306157,0.00033277870216306157,0.0,0.0,,0.06921797004991681,0.013976705490848585,0.0,0.035499614345062436,0.08034885283695761,0.48256799962956387,3.0812118180053267,0.10460031621013288,1.3170862082871277,0.26602631448787156,0.26602631448787156,0.035499614345062436,0.48256799962956387,3.0812118180053267,0.10460031621013288,53.372369100585395,10.387446494807314,0.0,0.0,0.0,0.0,0.0,5.405307760455486,9.628454698915283,28.697837862456083,0.8919798358500676,0.000744115799500762,0.000744115799500762,0.0,0.0,,0.09619405720172353,0.00650835514662494,0.0
D_adaptive,combined_fault_load,5,13.646180701692018,10.021785951940053,59.97609092729988,1111.7787323866846,35.06286697159411,11.821915138148686,1.83,,11.715164332700763,32.44084322689813,411.84110080972005,15.968528771969485,6309.436895988047,105.15059950916563,0.0,0.0,0.0,0.0,0.0,54.32738958673228,119.04887999844505,147.02948000049219,1.9534260144795923,0.5011647254575707,0.5011647254575707,0.0,0.0,,0.22595673876871883,0.007653910149750416,0.0,0.038249615562466525,0.11195745843708423,0.6728216451179937,6.283345988409882,5.0709807755785885e-12,2.419889125427287,0.20988091861815342,,0.05948466359506691,0.19898134125386396,4.2079466936125085,0.017730842022200204,106.84831806320588,7.934074377057923,0.0,0.0,0.0,0.0,0.0,5.760470375524573,8.255107210303072,11.70118925575155,0.08271897495061421,0.0007441157995007628,0.0007441157995007628,0.0,0.0,,0.27195727365000605,0.010497045121855245,0.0
D_adaptive,load_disturbance,5,10.868343416155824,5.053588236446129,30.193268558174243,703.7821158578623,35.06286697159214,13.30192173082754,1.78,0.07199999999999998,0.8859740198285178,2.5121841799972335,2.3627575544642934,1.7712930469286234,8565.27548446077,149.64690687188596,0.0,0.0,0.0,0.0,0.0,80.12420909088644,138.2590800014441,165.76035999751184,0.4097827896788715,0.0006655574043261231,0.0006655574043261231,0.0,0.0,,0.1966722129783694,0.013643926788685524,0.0,0.02684944085265859,0.12364122246555044,0.7429443449927347,3.50766083240996,5.0211383617457955e-12,2.7358727063642747,0.22124646889837593,0.16099689437998482,0.03539004213236721,0.08569909401106035,0.19321486878782426,0.15304955528988853,121.71650081939697,14.25074787248539,0.0,0.0,0.0,0.0,0.0,6.599644813595252,8.23496211850983,8.566701587888414,0.1274697291927517,0.0009113520091600101,0.0009113520091600101,0.0,0.0,,0.08671743040224547,0.010615066827112532,0.0
D_adaptive,nominal_tracking,5,10.83227375248524,4.639589859305656,27.708356549483586,699.0774639615806,35.06286697159445,11.53704973248276,1.666,1.666,10.83227375248524,27.708356549483586,699.0774639615806,35.06286697159445,6382.663073559213,151.45034220997283,0.0,0.0,0.0,0.0,0.0,74.66664363641902,126.80817999644205,166.55983999953605,0.4879465617936546,0.0013311148086522463,0.0013311148086522463,0.0,0.0,,0.04459234608985025,0.005657237936772046,0.0,0.007348420962570723,0.036344540089497356,0.21806646245582822,0.9567503570098284,2.639714078712189e-12,1.1763678715303336,0.02880972058177584,0.02880972058177584,0.007348420962570723,0.21806646245582822,0.9567503570098284,2.639714078712189e-12,95.52419148708678,9.202253573466948,0.0,0.0,0.0,0.0,0.0,8.75362465167668,17.907117475912393,13.440005823774197,0.24812139527946642,0.0013921131889086116,0.0013921131889086116,0.0,0.0,,0.02354277025733643,0.005593256676862433,0.0
D_adaptive,parameter_variation,5,10.965406005716659,5.2959582225478865,31.64248831266525,716.7707058327444,35.0628669715912,13.037083864599367,1.778,0.0,1.528790618398879,4.043689576107099,15.94027846275867,2.3932026231342363,7689.824561887202,132.62986841732678,0.0,0.0,0.0,0.0,0.0,78.4338780166485,134.1076000011526,173.2668199983891,0.7067466758585155,0.0821963394342762,0.0821963394342762,0.0,0.0,,0.17038269550748752,0.014309484193011646,0.0,0.2600404590208981,0.8277311291822039,4.95748070480887,34.65986219250749,4.260896167212404e-12,1.9905199474776027,0.18673510650116118,0.0,1.9308982978486484,4.672089490115646,32.66161128234344,3.357568984066321,582.6337508166591,11.510042580939245,0.0,0.0,0.0,0.0,0.0,12.456893317952437,6.293949294246786,16.370251618975487,0.880018699452854,0.18286787706781024,0.18286787706781024,0.0,0.0,,0.12338418308030694,0.014293997733720152,0.0
D_adaptive,sensor_drift,5,11.595257153838293,7.440446263627704,44.497598237270154,801.5242588943561,35.0628669715898,11.44010512124917,1.7260000000000002,0.0060000000000000496,5.074222646175317,17.60336219325176,102.84733352172762,8.896761426470729,5460.718177435143,151.52943306896543,0.0,0.0,0.0,0.0,0.0,81.48933818197256,134.41195999912452,173.71171999984654,2.385842553784015,0.004658901830282862,0.004658901830282862,0.4,0.0,,0.12845257903494176,0.0029950083194675544,0.0,0.01166142937549527,0.0584756470797107,0.3515576391226534,1.6267921426384624,2.1884427889894388e-12,1.4780346689477801,0.17386776584519634,0.013416407864998849,0.021474937943827956,0.17411589044910888,0.8833541422699328,0.12628094799555378,102.1952387876788,12.526815463203215,0.0,0.0,0.0,0.0,0.0,5.038926763156663,11.530031593257085,23.244882154634162,0.2568417227545975,0.005691391473040622,0.005691391473040622,0.5477225575051661,0.0,,0.09519448731575231,0.004143061430279112,0.0
D_adaptive,sensor_dropout,5,10.865626854058121,4.897925384829378,29.259921670480942,703.4290563188254,35.062866971588775,13.55588789472275,2.084,0.0,0.8869921330461871,1.3425953142524052,1.8215978390046026,2.156400132202851,6484.682009152488,114.02098486491136,0.0,0.0,0.0,0.0,0.0,54.24325570250305,116.03867999801878,154.2704799983767,0.1936099799782866,0.6675540765391015,0.6675540765391015,0.0,0.0,,0.34309484193011647,0.01264559068219634,0.0,0.024525049967405194,0.1472146387525641,0.8850789585735656,3.20106184435708,0.0,2.2518652285863863,0.4086930388445587,0.0,0.4100787319622928,0.718797281441682,1.546964814062539,0.7994038160973299,204.49764654190284,14.832747014399995,0.0,0.0,0.0,0.0,0.0,11.77868928835202,11.799576767263211,23.565601468937814,0.07876617234553322,0.0007441157995007628,0.0007441157995007628,0.0,0.0,,0.41547624203456135,0.010162017627023274,0.0
D_adaptive,sensor_noise,5,10.850760920811172,4.836278534477382,28.889277797926173,701.4915532702383,35.06286697159221,12.383392455528513,1.6800000000000002,0.0,0.727271657109059,1.2540431245234551,1.3255850709674397,1.578981129363457,6316.2971155258,100.55213399378958,0.0,0.0,0.0,0.0,0.0,54.499557355158075,129.81032000097912,239.02434000192443,0.12616597456044473,0.6642262895174709,0.6642262895174709,0.0,0.0,,0.02828618968386023,0.008985024958402662,0.0,0.034594606558853574,0.15460136865250806,0.9296268827072862,4.514972612826237,5.107500101304723e-12,3.119662803911101,0.08717797887081344,0.0,0.41298135203735886,0.7187779880617441,1.3683709395346588,0.8515989604137415,211.00563627934707,18.4898987546092,0.0,0.0,0.0,0.0,0.0,6.308956106917889,23.727328646940705,137.1312052623438,0.013646265911587465,0.0024679529075193538,0.0024679529075193538,0.0,0.0,,0.005391631196678752,0.012649968591512954,0.0
D_adaptive,step_reference,5,7.0679645216639715,3.7725993747966555,22.572864716985258,298.23950928228425,20.062866971588903,4.422432811131056,0.77,0.77,7.0679645216639715,22.572864716985258,298.23950928228425,20.062866971588903,7181.126122822303,164.62142901271426,0.0,0.0,0.0,0.0,0.0,78.38633719006455,145.5575600004522,181.85479999956442,0.3519755853016022,0.0009983361064891847,0.0009983361064891847,0.0,0.0,,0.08585690515806989,0.0013311148086522463,0.0,0.02610787489226025,0.03163667424195232,0.18987806602382432,2.223348367839848,1.7465300880055312e-13,0.6250089406768358,0.1341640786499875,0.1341640786499875,0.02610787489226025,0.18987806602382432,2.223348367839848,1.7465300880055312e-13,49.9572312915151,16.266079295204374,0.0,0.0,0.0,0.0,0.0,16.740743988343556,20.955511942031958,31.278093301538988,0.17667164004277908,0.0009113520091600102,0.0009113520091600102,0.0,0.0,,0.059151355804057545,0.0013921131889086116,0.0
