controller,scenario,seed,overall_rmse,overall_mae,fault_window_rmse,detection_latency_s,recovery_latency_s,recovery_events,false_recovery_events,sub_duration_s,sub_fraction,control_effort_u2,control_variation_du2,mean_solve_ms,p95_solve_ms,mean_aux_ms,sim_time_s,main_virtual_rmse,main_virtual_mae,aux_virtual_rmse,aux_virtual_mae,corrupted_rmse,corrupted_mae,sub_samples
C1_sensor_MPC,sensor_bias_5,12026,10.812634269210388,4.566067608855427,0.25198240846311604,0.020000000000000018,,0,0,4.01,0.6672212978369384,6108.609983006075,81.14199647831964,192.06870495867227,473.3180999999149,1.3804984509421114,25.766191899999967,0.246186590237674,0.22435983557546554,0.3135470731304607,0.22167726439801927,2.326513283942887,1.7325611969986976,401
C2_aux_recovery_MPC,sensor_bias_5,12026,10.812634269210388,4.566067608855427,0.25198240846311604,0.020000000000000018,,0,0,4.01,0.6672212978369384,6108.609983006075,81.14199647831964,191.87213140496303,457.78619999987313,1.4073781411370905,25.772888899999998,0.246186590237674,0.22435983557546554,0.3135470731304607,0.22167726439801927,2.326513283942887,1.7325611969986976,401
C1_sensor_MPC,sensor_bias_5,12027,10.810656565158586,4.575598479162928,0.21720760689484087,0.020000000000000018,,0,0,4.01,0.6672212978369384,6118.18282154939,86.33934113907841,182.91370661156614,451.27849999994396,1.3668660929416232,24.679068700000016,0.24266157344879957,0.21038944510755012,0.3327175780736638,0.22748590990725445,2.33171273126435,1.7305856346920954,401
C2_aux_recovery_MPC,sensor_bias_5,12027,10.810656565158586,4.575598479162928,0.21720760689484087,0.020000000000000018,,0,0,4.01,0.6672212978369384,6118.18282154939,86.33934113907841,189.77793636363722,415.16730000012103,1.358976592080881,25.434923000000026,0.24266157344879957,0.21038944510755012,0.3327175780736638,0.22748590990725445,2.33171273126435,1.7305856346920954,401
C1_sensor_MPC,sensor_bias_5,12028,10.810148332762171,4.5704314445267045,0.2822067860580168,0.020000000000000018,,0,0,4.01,0.6672212978369384,6109.220106031935,78.81318324455921,176.44116198348155,405.1893000000746,1.3691149741857935,23.83395919999998,0.26646262367276136,0.24164209401913903,0.31912884111795337,0.23075584745038227,2.304966255271526,1.7189132097883542,401
C2_aux_recovery_MPC,sensor_bias_5,12028,10.810148332762171,4.5704314445267045,0.2822067860580168,0.020000000000000018,,0,0,4.01,0.6672212978369384,6109.220106031935,78.81318324455921,178.10116859504888,417.2014999999192,1.3578977624783781,24.02549750000003,0.26646262367276136,0.24164209401913903,0.31912884111795337,0.23075584745038227,2.304966255271526,1.7189132097883542,401
C1_sensor_MPC,sensor_bias_5,12029,10.80908178246011,4.562269804608031,0.1766789847895723,0.020000000000000018,,0,0,4.01,0.6672212978369384,6074.508004056716,81.22692372213766,187.7943661157035,385.4154999999082,1.3687543889804532,25.207210999999916,0.2566560131127232,0.22183117667674002,0.272683485367435,0.19847330060375012,2.30611722827304,1.713962125572309,401
C2_aux_recovery_MPC,sensor_bias_5,12029,10.80908178246011,4.562269804608031,0.1766789847895723,0.020000000000000018,,0,0,4.01,0.6672212978369384,6074.508004056716,81.22692372213766,185.73282727272107,394.4556999999804,1.4190623063648973,25.062942199999952,0.2566560131127232,0.22183117667674002,0.272683485367435,0.19847330060375012,2.30611722827304,1.713962125572309,401
C1_sensor_MPC,sensor_bias_5,12030,10.803332013352339,4.51967927258613,0.18494706964949276,0.020000000000000018,,0,0,4.01,0.6672212978369384,5985.76862031602,72.41299746486735,176.83213223141092,386.0047000000577,1.380508261620368,23.944872600000053,0.2686730170014824,0.2382698262588038,0.19835588169371327,0.17850121276297237,2.3257884508151143,1.7246921039498542,401
C2_aux_recovery_MPC,sensor_bias_5,12030,10.803332013352339,4.51967927258613,0.18494706964949276,0.020000000000000018,,0,0,4.01,0.6672212978369384,5985.76862031602,72.41299746486735,176.14196942146225,380.9935999997833,1.4355104991376588,23.941937300000063,0.2686730170014824,0.2382698262588038,0.19835588169371327,0.17850121276297237,2.3257884508151143,1.7246921039498542,401
C1_sensor_MPC,sensor_bias_15,12026,10.812634269210388,4.566067608855427,0.25198240846311604,0.020000000000000018,,0,0,4.01,0.6672212978369384,6108.609983006075,81.14199647831964,205.47213801651648,508.6275000001024,1.5528466437159976,27.692886199999975,0.246186590237674,0.22435983557546554,0.3135470731304607,0.22167726439801927,6.924265195149183,4.986145985028623,401
C2_aux_recovery_MPC,sensor_bias_15,12026,10.812634269210388,4.566067608855427,0.25198240846311604,0.020000000000000018,,0,0,4.01,0.6672212978369384,6108.609983006075,81.14199647831964,204.9995355371773,497.97019999982695,1.5546999999974254,27.647538799999893,0.246186590237674,0.22435983557546554,0.3135470731304607,0.22167726439801927,6.924265195149183,4.986145985028623,401
C1_sensor_MPC,sensor_bias_15,12027,10.810656565158586,4.575598479162928,0.21720760689484087,0.020000000000000018,,0,0,4.01,0.6672212978369384,6118.18282154939,86.33934113907841,205.06361074380533,481.861600000002,1.5595092943190005,27.685685199999853,0.24266157344879957,0.21038944510755012,0.3327175780736638,0.22748590990725445,6.930157386590114,4.984170422722021,401
C2_aux_recovery_MPC,sensor_bias_15,12027,10.810656565158586,4.575598479162928,0.21720760689484087,0.020000000000000018,,0,0,4.01,0.6672212978369384,6118.18282154939,86.33934113907841,202.83396611571033,470.2236000000539,1.5457512908773872,27.37285309999993,0.24266157344879957,0.21038944510755012,0.3327175780736638,0.22748590990725445,6.930157386590114,4.984170422722021,401
C1_sensor_MPC,sensor_bias_15,12028,10.810148332762171,4.5704314445267045,0.2822067860580168,0.020000000000000018,,0,0,4.01,0.6672212978369384,6109.220106031935,78.81318324455921,195.04519917354477,503.0693999999585,1.496392426849921,26.34244919999992,0.26646262367276136,0.24164209401913903,0.31912884111795337,0.23075584745038227,6.902757258349005,4.972497997818279,401
C2_aux_recovery_MPC,sensor_bias_15,12028,10.810148332762171,4.5704314445267045,0.2822067860580168,0.020000000000000018,,0,0,4.01,0.6672212978369384,6109.220106031935,78.81318324455921,200.29371652892473,462.5018000001546,1.5575432013799608,27.05162059999998,0.26646262367276136,0.24164209401913903,0.31912884111795337,0.23075584745038227,6.902757258349005,4.972497997818279,401
C1_sensor_MPC,sensor_bias_15,12029,10.80908178246011,4.562269804608031,0.1766789847895723,0.020000000000000018,,0,0,4.01,0.6672212978369384,6074.508004056716,81.22692372213766,204.48745289256806,516.2809999999354,1.5879870912169325,27.609096200000067,0.2566560131127232,0.22183117667674002,0.272683485367435,0.19847330060375012,6.904127970387414,4.967546913602234,401
C2_aux_recovery_MPC,sensor_bias_15,12029,10.80908178246011,4.562269804608031,0.1766789847895723,0.020000000000000018,,0,0,4.01,0.6672212978369384,6074.508004056716,81.22692372213766,201.43338512396306,478.1775999999809,1.5515025817658077,27.203960799999777,0.2566560131127232,0.22183117667674002,0.272683485367435,0.19847330060375012,6.904127970387414,4.967546913602234,401
C1_sensor_MPC,sensor_bias_15,12030,10.803332013352339,4.51967927258613,0.18494706964949276,0.020000000000000018,,0,0,4.01,0.6672212978369384,5985.76862031602,72.41299746486735,187.24705950412198,413.3408000000145,1.549857314977338,25.47261320000007,0.2686730170014824,0.2382698262588038,0.19835588169371327,0.17850121276297237,6.924997212845613,4.97827689197978,401
C2_aux_recovery_MPC,sensor_bias_15,12030,10.803332013352339,4.51967927258613,0.18494706964949276,0.020000000000000018,,0,0,4.01,0.6672212978369384,5985.76862031602,72.41299746486735,190.70122727272846,444.6173000001181,1.5298445783082726,25.89034259999994,0.2686730170014824,0.2382698262588038,0.19835588169371327,0.17850121276297237,6.924997212845613,4.97827689197978,401
C1_sensor_MPC,sensor_dropout,12026,10.812634269210388,4.566067608855427,0.25198240846311604,0.020000000000000018,,0,0,4.01,0.6672212978369384,6108.609983006075,81.14199647831964,241.82690082644018,527.0153000001301,1.8025672977657947,32.52995510000005,0.246186590237674,0.22435983557546554,0.3135470731304607,0.22167726439801927,24.80415738112703,17.615831778828134,401
C2_aux_recovery_MPC,sensor_dropout,12026,10.812634269210388,4.566067608855427,0.25198240846311604,0.020000000000000018,,0,0,4.01,0.6672212978369384,6108.609983006075,81.14199647831964,241.28789090908575,547.499900000048,1.8200172117103368,32.54534459999991,0.246186590237674,0.22435983557546554,0.3135470731304607,0.22167726439801927,24.80415738112703,17.615831778828134,401
C1_sensor_MPC,sensor_dropout,12027,10.810656565158586,4.575598479162928,0.21720760689484087,0.020000000000000018,,0,0,4.01,0.6672212978369384,6118.18282154939,86.33934113907841,240.27256694214262,524.2481000000225,1.8043633390737523,32.34363250000001,0.24266157344879957,0.21038944510755012,0.3327175780736638,0.22748590990725445,24.72405131897285,17.552986763654438,401
C2_aux_recovery_MPC,sensor_dropout,12027,10.810656565158586,4.575598479162928,0.21720760689484087,0.020000000000000018,,0,0,4.01,0.6672212978369384,6118.18282154939,86.33934113907841,234.65931983471722,490.6846000001224,1.792227194490526,31.74483740000005,0.24266157344879957,0.21038944510755012,0.3327175780736638,0.22748590990725445,24.72405131897285,17.552986763654438,401
C1_sensor_MPC,sensor_dropout,12028,10.810148332762171,4.5704314445267045,0.2822067860580168,0.020000000000000018,,0,0,4.01,0.6672212978369384,6109.220106031935,78.81318324455921,226.95558264463065,489.64219999993475,1.6723039586877457,30.569308099999944,0.26646262367276136,0.24164209401913903,0.31912884111795337,0.23075584745038227,24.86445613482535,17.660052334860957,401
C2_aux_recovery_MPC,sensor_dropout,12028,10.810148332762171,4.5704314445267045,0.2822067860580168,0.020000000000000018,,0,0,4.01,0.6672212978369384,6109.220106031935,78.81318324455921,225.5890793388359,497.1474000001308,1.798276764195881,30.60038050000003,0.26646262367276136,0.24164209401913903,0.31912884111795337,0.23075584745038227,24.86445613482535,17.660052334860957,401
C1_sensor_MPC,sensor_dropout,12029,10.80908178246011,4.562269804608031,0.1766789847895723,0.020000000000000018,,0,0,4.01,0.6672212978369384,6074.508004056716,81.22692372213766,240.90796859502555,570.6130999999459,1.8915929432044225,32.559092899999996,0.2566560131127232,0.22183117667674002,0.272683485367435,0.19847330060375012,24.671425100822308,17.517804204409327,401
C2_aux_recovery_MPC,sensor_dropout,12029,10.80908178246011,4.562269804608031,0.1766789847895723,0.020000000000000018,,0,0,4.01,0.6672212978369384,6074.508004056716,81.22692372213766,235.83252148759212,533.3943000000545,1.7361611015431395,31.814129499999808,0.2566560131127232,0.22183117667674002,0.272683485367435,0.19847330060375012,24.671425100822308,17.517804204409327,401
C1_sensor_MPC,sensor_dropout,12030,10.803332013352339,4.51967927258613,0.18494706964949276,0.020000000000000018,,0,0,4.01,0.6672212978369384,5985.76862031602,72.41299746486735,215.69008677686327,476.41699999985576,1.8337256454318378,29.327681199999915,0.2686730170014824,0.2382698262588038,0.19835588169371327,0.17850121276297237,24.65711387699174,17.503363556749314,401
C2_aux_recovery_MPC,sensor_dropout,12030,10.803332013352339,4.51967927258613,0.18494706964949276,0.020000000000000018,,0,0,4.01,0.6672212978369384,5985.76862031602,72.41299746486735,219.03687024794348,494.282000000112,1.727333562823126,29.84876129999998,0.2686730170014824,0.2382698262588038,0.19835588169371327,0.17850121276297237,24.65711387699174,17.503363556749314,401
C1_sensor_MPC,sensor_drift,12026,11.63322702459668,7.439972518155097,5.261042634225279,1.5300000000000002,,1,1,0.06,0.009983361064891847,5250.915536086778,153.45464578563465,364.3278644628184,604.4610000001285,1.4679791738378554,46.77459529999987,3.9466768545817046,3.9347033708588395,0.3999430708589508,0.3696797509280767,3.8119884243565307,3.80568392447608,6
C2_aux_recovery_MPC,sensor_drift,12026,11.63322702459668,7.439972518155097,5.261042634225279,1.5300000000000002,,1,1,0.06,0.009983361064891847,5250.915536086778,153.45464578563465,367.81635619835026,597.1213999998781,1.5661962134168341,47.32822149999993,3.9466768545817046,3.9347033708588395,0.3999430708589508,0.3696797509280767,3.8119884243565307,3.80568392447608,6
C1_sensor_MPC,sensor_drift,12027,11.637593643865362,7.453192242741083,5.282314567826709,,,0,0,0.01,0.0016638935108153079,5294.076279959459,148.1806059813224,375.7367305785115,602.2631999999248,1.4780332185886915,48.22129810000001,0.11171489383134059,0.11171489383134059,0.3501142476832442,0.3501142476832442,1.1342953351744143,1.1342953351744143,1
C2_aux_recovery_MPC,sensor_drift,12027,11.637593643865362,7.453192242741083,5.282314567826709,,,0,0,0.01,0.0016638935108153079,5294.076279959459,148.1806059813224,370.6527049586786,604.2110000000775,1.4318817555941457,47.487737599999946,0.11171489383134059,0.11171489383134059,0.3501142476832442,0.3501142476832442,1.1342953351744143,1.1342953351744143,1
C1_sensor_MPC,sensor_drift,12028,11.636366166527122,7.437832926825583,5.279797279875583,,,0,0,0.01,0.0016638935108153079,5338.870034370738,157.478916368734,334.36943471074414,543.6110999999073,1.3982349397633973,43.073749099999986,9.235850861927954,9.235850861927954,0.6123156262869891,0.6123156262869891,10.267442873731792,10.267442873731792,1
C2_aux_recovery_MPC,sensor_drift,12028,11.636366166527122,7.437832926825583,5.279797279875583,,,0,0,0.01,0.0016638935108153079,5338.870034370738,157.478916368734,329.66439917354853,554.4108999999935,1.4968456110157897,42.60854359999985,9.235850861927954,9.235850861927954,0.6123156262869891,0.6123156262869891,10.267442873731792,10.267442873731792,1
C1_sensor_MPC,sensor_drift,12029,11.63369072716984,7.426701723790105,5.273562248873603,,,0,0,0.01,0.0016638935108153079,5242.17068725153,147.59582964671498,362.763999173557,596.6576000000714,1.4624678141094096,46.59130600000003,0.09844738428375166,0.09844738428375166,0.14619945866146367,0.14619945866146367,1.1302867147095057,1.1302867147095057,1
C2_aux_recovery_MPC,sensor_drift,12029,11.63369072716984,7.426701723790105,5.273562248873603,,,0,0,0.01,0.0016638935108153079,5242.17068725153,147.59582964671498,368.29928347106784,594.0226000000166,1.3964793459593468,47.10835740000016,0.09844738428375166,0.09844738428375166,0.14619945866146367,0.14619945866146367,1.1302867147095057,1.1302867147095057,1
C1_sensor_MPC,sensor_drift,12030,11.636536440655176,7.397346989826717,5.301000967079342,,,0,0,0.0,0.0,5120.687933681911,121.9863159418547,367.34368925620265,627.5176999999985,1.5119955249524215,47.18114199999991,,,,,,,0
C2_aux_recovery_MPC,sensor_drift,12030,11.636536440655176,7.397346989826717,5.301000967079342,,,0,0,0.0,0.0,5120.687933681911,121.9863159418547,363.8201024793455,608.41860000005,1.4230946643772566,46.64454139999998,,,,,,,0
C1_sensor_MPC,load_disturbance,12026,10.828958967668447,4.860358117822181,0.8854250026142063,2.55,,1,1,0.08,0.013311148086522463,8404.73612651924,163.9648275516558,412.87707933883183,692.1264000000065,1.8009172116991332,53.14833579999981,0.11248808335208406,0.04635079658379482,1.2489775275116435,1.2424590988949733,0.34308669799016905,0.2886094777207102,8
C2_aux_recovery_MPC,load_disturbance,12026,10.828958967668447,4.860358117822181,0.8854250026142063,2.55,,1,1,0.08,0.013311148086522463,8404.73612651924,163.9648275516558,414.69339338841786,713.9526000000842,1.6886485370003155,53.26727540000002,0.11248808335208406,0.04635079658379482,1.2489775275116435,1.2424590988949733,0.34308669799016905,0.2886094777207102,8
C1_sensor_MPC,load_disturbance,12027,10.827567049092249,4.868581490630647,0.8964440965687774,,,0,0,0.01,0.0016638935108153079,8426.45485328446,148.4680039751877,404.78040330578006,699.8484000000644,1.7600308089500647,52.139510499999915,0.20875979903573239,0.20875979903573239,0.3624946475316335,0.3624946475316335,0.7918148664244171,0.7918148664244171,1
C2_aux_recovery_MPC,load_disturbance,12027,10.827567049092249,4.868581490630647,0.8964440965687774,,,0,0,0.01,0.0016638935108153079,8426.45485328446,148.4680039751877,404.4924545454638,645.5187999999907,1.7608194492249087,52.15860479999992,0.20875979903573239,0.20875979903573239,0.3624946475316335,0.3624946475316335,0.7918148664244171,0.7918148664244171,1
C1_sensor_MPC,load_disturbance,12028,13.137802110505143,9.148714147870004,10.55362697087199,0.08000000000000007,,0,0,2.93,0.4875207986688852,6545.311619144621,143.8229294976597,323.9440925619799,700.992099999894,1.7436511187550894,42.29077900000016,10.683040878023823,9.525060553519136,0.8634281295630816,0.6364310567821727,0.254590551457697,0.20455490660254774,293
C2_aux_recovery_MPC,load_disturbance,12028,13.137802110505143,9.148714147870004,10.55362697087199,0.08000000000000007,,0,0,2.93,0.4875207986688852,6545.311619144621,143.8229294976597,324.33969504132085,688.9903000001141,1.718613425127873,42.360121800000115,10.683040878023823,9.525060553519136,0.8634281295630816,0.6364310567821727,0.254590551457697,0.20455490660254774,293
C1_sensor_MPC,load_disturbance,12029,10.823517056982967,4.82883749488449,0.841019903274986,,,0,0,0.02,0.0033277870216306157,8342.653648054576,146.87038432223505,429.5395694214785,732.3394000000008,1.7339030981172032,55.07998160000011,0.19048012447950802,0.18717945348485188,0.7030917956297177,0.5769421448357903,0.831447037344655,0.8303574936319436,2
C2_aux_recovery_MPC,load_disturbance,12029,10.823517056982967,4.82883749488449,0.841019903274986,,,0,0,0.02,0.0033277870216306157,8342.653648054576,146.87038432223505,430.6391917355123,718.0422999999792,1.681395524963782,55.12839000000008,0.19048012447950802,0.18717945348485188,0.7030917956297177,0.5769421448357903,0.831447037344655,0.8303574936319436,2
C1_sensor_MPC,load_disturbance,12030,10.822584635283752,4.819024670830819,0.9620217732927289,,,0,0,0.0,0.0,8307.694784466263,140.83800383643745,409.68034049585697,705.2464999999302,1.6615087779674544,52.58866009999997,,,,,,,0
C2_aux_recovery_MPC,load_disturbance,12030,10.822584635283752,4.819024670830819,0.9620217732927289,,,0,0,0.0,0.0,8307.694784466263,140.83800383643745,397.3159289256247,670.5056999999215,1.6959798623015019,51.170029200000045,,,,,,,0
C1_sensor_MPC,parameter_variation,12026,10.820604109884654,4.763442536360272,0.650246354118686,,,0,0,0.01,0.0016638935108153079,7813.143694215633,139.34830129116892,441.8814884297492,731.9677000000411,1.8733839931142835,56.732446900000014,0.29359396707243945,0.29359396707243945,12.66584465499129,12.66584465499129,0.7044236905809456,0.7044236905809456,1
C2_aux_recovery_MPC,parameter_variation,12026,10.820604109884654,4.763442536360272,0.650246354118686,,,0,0,0.01,0.0016638935108153079,7813.143694215633,139.34830129116892,452.91638842975823,758.5712999998577,1.8214006884641163,58.07347720000007,0.29359396707243945,0.29359396707243945,12.66584465499129,12.66584465499129,0.7044236905809456,0.7044236905809456,1
C1_sensor_MPC,parameter_variation,12027,10.81856510642186,4.767206683436698,0.6438516157640269,,,0,0,0.01,0.0016638935108153079,7815.657490178088,137.82275648328618,457.98744545454275,796.4468999998644,1.8002129087873666,58.65994969999997,0.20875979903573239,0.20875979903573239,0.3624946475316335,0.3624946475316335,0.7918148664244171,0.7918148664244171,1
C2_aux_recovery_MPC,parameter_variation,12027,10.81856510642186,4.767206683436698,0.6438516157640269,,,0,0,0.01,0.0016638935108153079,7815.657490178088,137.82275648328618,467.85268842974295,788.0169000000024,1.8837805507744028,60.12332040000001,0.20875979903573239,0.20875979903573239,0.3624946475316335,0.3624946475316335,0.7918148664244171,0.7918148664244171,1
C1_sensor_MPC,parameter_variation,12028,10.81821499562071,4.768586234414601,0.65384750307292,,,0,0,0.0,0.0,7836.519143543935,142.693909567368,440.946980991732,742.4311000002035,2.0406929431957903,56.670176800000036,,,,,,,0
C2_aux_recovery_MPC,parameter_variation,12028,10.81821499562071,4.768586234414601,0.65384750307292,,,0,0,0.0,0.0,7836.519143543935,142.693909567368,438.486695041316,770.4994000000625,1.9069194492263946,56.510802799999965,,,,,,,0
C1_sensor_MPC,parameter_variation,12029,10.816506356007093,4.7362120873288,0.6359206215227526,,,0,0,0.02,0.0033277870216306157,7758.132367888995,135.83931898678168,490.29175537190315,847.4438000000646,2.037777108433025,63.08755330000008,0.1864758486280676,0.18203585794303834,8.44871688158684,6.061054231704322,0.831447037344655,0.8303574936319436,2
C2_aux_recovery_MPC,parameter_variation,12029,10.816506356007093,4.7362120873288,0.6359206215227526,,,0,0,0.02,0.0033277870216306157,7758.132367888995,135.83931898678168,494.82992314050506,883.0926999999065,1.8273094664395457,63.294203200000084,0.1864758486280676,0.18203585794303834,8.44871688158684,6.061054231704322,0.831447037344655,0.8303574936319436,2
C1_sensor_MPC,parameter_variation,12030,10.811424600155302,4.6997673260467225,0.6658944362130212,,,0,0,0.0,0.0,7681.482982532259,118.98900531889572,473.5230933884316,817.5052999999934,1.8879943201401193,60.812766999999894,,,,,,,0
C2_aux_recovery_MPC,parameter_variation,12030,10.811424600155302,4.6997673260467225,0.6658944362130212,,,0,0,0.0,0.0,7681.482982532259,118.98900531889572,472.8207008264434,763.8494000000264,2.077467641992967,60.925723800000014,,,,,,,0
C1_sensor_MPC,combined_fault_load,12026,13.47915781471486,9.64068117504479,11.37596761514179,0.020000000000000018,,0,0,3.0100000000000002,0.5008319467554077,6201.593338360906,106.12159517136533,332.0138669421509,724.8128999999608,1.9735084337402076,43.64996919999999,11.383953859562824,10.366571187293195,0.634183053004635,0.5200280699556852,3.257984285003048,3.2477799855246996,301
C2_aux_recovery_MPC,combined_fault_load,12026,13.47915781471486,9.64068117504479,11.37596761514179,0.020000000000000018,,0,0,3.0100000000000002,0.5008319467554077,6201.593338360906,106.12159517136533,336.68377768595025,691.984199999979,1.9370593803804024,44.265042900000026,11.383953859562824,10.366571187293195,0.634183053004635,0.5200280699556852,3.257984285003048,3.2477799855246996,301
C1_sensor_MPC,combined_fault_load,12027,13.669680450254235,9.931416010967931,11.82455978103472,0.020000000000000018,,0,0,3.02,0.502495840266223,6114.793912624684,93.24153547581165,277.2660272727129,617.3910999998498,1.7938802065409634,36.884298800000124,11.801557784421348,10.904262676188653,0.6681016673139841,0.5366418337014985,3.2810812767257893,3.2695810159857834,302
C2_aux_recovery_MPC,combined_fault_load,12027,13.669680450254235,9.931416010967931,11.82455978103472,0.020000000000000018,,0,0,3.02,0.502495840266223,6114.793912624684,93.24153547581165,274.3707471074253,645.4401000000871,1.8911566265124213,36.706361000000015,11.801557784421348,10.904262676188653,0.6681016673139841,0.5366418337014985,3.2810812767257893,3.2695810159857834,302
C1_sensor_MPC,combined_fault_load,12028,13.630704676762436,9.87854214122664,11.735575778427805,0.020000000000000018,,0,0,3.0100000000000002,0.5008319467554077,6143.653990325731,95.43463550389197,284.72323471075003,629.9633999999514,1.801160929433852,37.74299499999984,11.727312076616599,10.819704461191893,0.6287332140710616,0.5183479623336862,3.2477193466812646,3.2378216006458973,301
C2_aux_recovery_MPC,combined_fault_load,12028,13.630704676762436,9.87854214122664,11.735575778427805,0.020000000000000018,,0,0,3.0100000000000002,0.5008319467554077,6143.653990325731,95.43463550389197,283.16911157024276,653.7269999998898,1.6930373493913085,37.365509499999916,11.727312076616599,10.819704461191893,0.6287332140710616,0.5183479623336862,3.2477193466812646,3.2378216006458973,301
C1_sensor_MPC,combined_fault_load,12029,13.585655596167108,9.780581797876668,11.632985675151637,0.020000000000000018,,0,0,3.02,0.502495840266223,6110.904584857985,99.29210268460221,262.37032809918173,685.1849000001948,1.403823580038176,34.26660560000005,11.61293181279217,10.65168774172046,0.6489303663627011,0.5298101115758711,3.2522926216244077,3.2400170248602698,302
C2_aux_recovery_MPC,combined_fault_load,12029,13.585655596167108,9.780581797876668,11.632985675151637,0.020000000000000018,,0,0,3.02,0.502495840266223,6110.904584857985,99.29210268460221,255.42062148759604,617.8434000000834,1.362976592079,33.44291010000006,11.61293181279217,10.65168774172046,0.6489303663627011,0.5298101115758711,3.2522926216244077,3.2400170248602698,302
C1_sensor_MPC,combined_fault_load,12030,13.688986923600103,9.888992605330893,11.883270319915912,0.020000000000000018,,0,0,3.0100000000000002,0.5008319467554077,5996.484795002264,92.19621708837602,253.04842809916505,666.3849000001392,1.3340800344226387,33.04398429999992,11.889897100218956,11.029918520615748,0.6993685800562426,0.541972272979267,3.2815004336333025,3.273156709841461,301
C2_aux_recovery_MPC,combined_fault_load,12030,13.688986923600103,9.888992605330893,11.883270319915912,0.020000000000000018,,0,0,3.0100000000000002,0.5008319467554077,5996.484795002264,92.19621708837602,248.73936611569744,603.7392000000636,1.3631993115248848,32.60236209999994,11.889897100218956,11.029918520615748,0.6993685800562426,0.541972272979267,3.2815004336333025,3.273156709841461,301
