controller,scenario,seed,sub_samples,main_virtual_rmse,main_virtual_mae,aux_virtual_rmse,aux_virtual_mae,corrupted_rmse,corrupted_mae
C1_sensor_MPC,sensor_bias_5,12026,401,0.246186590237674,0.22435983557546554,0.3135470731304607,0.22167726439801927,2.326513283942887,1.7325611969986976
C2_aux_recovery_MPC,sensor_bias_5,12026,401,0.246186590237674,0.22435983557546554,0.3135470731304607,0.22167726439801927,2.326513283942887,1.7325611969986976
C1_sensor_MPC,sensor_bias_5,12027,401,0.24266157344879957,0.21038944510755012,0.3327175780736638,0.22748590990725445,2.33171273126435,1.7305856346920954
C2_aux_recovery_MPC,sensor_bias_5,12027,401,0.24266157344879957,0.21038944510755012,0.3327175780736638,0.22748590990725445,2.33171273126435,1.7305856346920954
C1_sensor_MPC,sensor_bias_5,12028,401,0.26646262367276136,0.24164209401913903,0.31912884111795337,0.23075584745038227,2.304966255271526,1.7189132097883542
C2_aux_recovery_MPC,sensor_bias_5,12028,401,0.26646262367276136,0.24164209401913903,0.31912884111795337,0.23075584745038227,2.304966255271526,1.7189132097883542
C1_sensor_MPC,sensor_bias_5,12029,401,0.2566560131127232,0.22183117667674002,0.272683485367435,0.19847330060375012,2.30611722827304,1.713962125572309
C2_aux_recovery_MPC,sensor_bias_5,12029,401,0.2566560131127232,0.22183117667674002,0.272683485367435,0.19847330060375012,2.30611722827304,1.713962125572309
C1_sensor_MPC,sensor_bias_5,12030,401,0.2686730170014824,0.2382698262588038,0.19835588169371327,0.17850121276297237,2.3257884508151143,1.7246921039498542
C2_aux_recovery_MPC,sensor_bias_5,12030,401,0.2686730170014824,0.2382698262588038,0.19835588169371327,0.17850121276297237,2.3257884508151143,1.7246921039498542
C1_sensor_MPC,sensor_bias_15,12026,401,0.246186590237674,0.22435983557546554,0.3135470731304607,0.22167726439801927,6.924265195149183,4.986145985028623
C2_aux_recovery_MPC,sensor_bias_15,12026,401,0.246186590237674,0.22435983557546554,0.3135470731304607,0.22167726439801927,6.924265195149183,4.986145985028623
C1_sensor_MPC,sensor_bias_15,12027,401,0.24266157344879957,0.21038944510755012,0.3327175780736638,0.22748590990725445,6.930157386590114,4.984170422722021
C2_aux_recovery_MPC,sensor_bias_15,12027,401,0.24266157344879957,0.21038944510755012,0.3327175780736638,0.22748590990725445,6.930157386590114,4.984170422722021
C1_sensor_MPC,sensor_bias_15,12028,401,0.26646262367276136,0.24164209401913903,0.31912884111795337,0.23075584745038227,6.902757258349005,4.972497997818279
C2_aux_recovery_MPC,sensor_bias_15,12028,401,0.26646262367276136,0.24164209401913903,0.31912884111795337,0.23075584745038227,6.902757258349005,4.972497997818279
C1_sensor_MPC,sensor_bias_15,12029,401,0.2566560131127232,0.22183117667674002,0.272683485367435,0.19847330060375012,6.904127970387414,4.967546913602234
C2_aux_recovery_MPC,sensor_bias_15,12029,401,0.2566560131127232,0.22183117667674002,0.272683485367435,0.19847330060375012,6.904127970387414,4.967546913602234
C1_sensor_MPC,sensor_bias_15,12030,401,0.2686730170014824,0.2382698262588038,0.19835588169371327,0.17850121276297237,6.924997212845613,4.97827689197978
C2_aux_recovery_MPC,sensor_bias_15,12030,401,0.2686730170014824,0.2382698262588038,0.19835588169371327,0.17850121276297237,6.924997212845613,4.97827689197978
C1_sensor_MPC,sensor_dropout,12026,401,0.246186590237674,0.22435983557546554,0.3135470731304607,0.22167726439801927,24.80415738112703,17.615831778828134
C2_aux_recovery_MPC,sensor_dropout,12026,401,0.246186590237674,0.22435983557546554,0.3135470731304607,0.22167726439801927,24.80415738112703,17.615831778828134
C1_sensor_MPC,sensor_dropout,12027,401,0.24266157344879957,0.21038944510755012,0.3327175780736638,0.22748590990725445,24.72405131897285,17.552986763654438
C2_aux_recovery_MPC,sensor_dropout,12027,401,0.24266157344879957,0.21038944510755012,0.3327175780736638,0.22748590990725445,24.72405131897285,17.552986763654438
C1_sensor_MPC,sensor_dropout,12028,401,0.26646262367276136,0.24164209401913903,0.31912884111795337,0.23075584745038227,24.86445613482535,17.660052334860957
C2_aux_recovery_MPC,sensor_dropout,12028,401,0.26646262367276136,0.24164209401913903,0.31912884111795337,0.23075584745038227,24.86445613482535,17.660052334860957
C1_sensor_MPC,sensor_dropout,12029,401,0.2566560131127232,0.22183117667674002,0.272683485367435,0.19847330060375012,24.671425100822308,17.517804204409327
C2_aux_recovery_MPC,sensor_dropout,12029,401,0.2566560131127232,0.22183117667674002,0.272683485367435,0.19847330060375012,24.671425100822308,17.517804204409327
C1_sensor_MPC,sensor_dropout,12030,401,0.2686730170014824,0.2382698262588038,0.19835588169371327,0.17850121276297237,24.65711387699174,17.503363556749314
C2_aux_recovery_MPC,sensor_dropout,12030,401,0.2686730170014824,0.2382698262588038,0.19835588169371327,0.17850121276297237,24.65711387699174,17.503363556749314
C1_sensor_MPC,sensor_drift,12026,6,3.9466768545817046,3.9347033708588395,0.3999430708589508,0.3696797509280767,3.8119884243565307,3.80568392447608
C2_aux_recovery_MPC,sensor_drift,12026,6,3.9466768545817046,3.9347033708588395,0.3999430708589508,0.3696797509280767,3.8119884243565307,3.80568392447608
C1_sensor_MPC,sensor_drift,12027,1,0.11171489383134059,0.11171489383134059,0.3501142476832442,0.3501142476832442,1.1342953351744143,1.1342953351744143
C2_aux_recovery_MPC,sensor_drift,12027,1,0.11171489383134059,0.11171489383134059,0.3501142476832442,0.3501142476832442,1.1342953351744143,1.1342953351744143
C1_sensor_MPC,sensor_drift,12028,1,9.235850861927954,9.235850861927954,0.6123156262869891,0.6123156262869891,10.267442873731792,10.267442873731792
C2_aux_recovery_MPC,sensor_drift,12028,1,9.235850861927954,9.235850861927954,0.6123156262869891,0.6123156262869891,10.267442873731792,10.267442873731792
C1_sensor_MPC,sensor_drift,12029,1,0.09844738428375166,0.09844738428375166,0.14619945866146367,0.14619945866146367,1.1302867147095057,1.1302867147095057
C2_aux_recovery_MPC,sensor_drift,12029,1,0.09844738428375166,0.09844738428375166,0.14619945866146367,0.14619945866146367,1.1302867147095057,1.1302867147095057
C1_sensor_MPC,load_disturbance,12026,8,0.11248808335208406,0.04635079658379482,1.2489775275116435,1.2424590988949733,0.34308669799016905,0.2886094777207102
C2_aux_recovery_MPC,load_disturbance,12026,8,0.11248808335208406,0.04635079658379482,1.2489775275116435,1.2424590988949733,0.34308669799016905,0.2886094777207102
C1_sensor_MPC,load_disturbance,12027,1,0.20875979903573239,0.20875979903573239,0.3624946475316335,0.3624946475316335,0.7918148664244171,0.7918148664244171
C2_aux_recovery_MPC,load_disturbance,12027,1,0.20875979903573239,0.20875979903573239,0.3624946475316335,0.3624946475316335,0.7918148664244171,0.7918148664244171
C1_sensor_MPC,load_disturbance,12028,293,10.683040878023823,9.525060553519136,0.8634281295630816,0.6364310567821727,0.254590551457697,0.20455490660254774
C2_aux_recovery_MPC,load_disturbance,12028,293,10.683040878023823,9.525060553519136,0.8634281295630816,0.6364310567821727,0.254590551457697,0.20455490660254774
C1_sensor_MPC,load_disturbance,12029,2,0.19048012447950802,0.18717945348485188,0.7030917956297177,0.5769421448357903,0.831447037344655,0.8303574936319436
C2_aux_recovery_MPC,load_disturbance,12029,2,0.19048012447950802,0.18717945348485188,0.7030917956297177,0.5769421448357903,0.831447037344655,0.8303574936319436
C1_sensor_MPC,parameter_variation,12026,1,0.29359396707243945,0.29359396707243945,12.66584465499129,12.66584465499129,0.7044236905809456,0.7044236905809456
C2_aux_recovery_MPC,parameter_variation,12026,1,0.29359396707243945,0.29359396707243945,12.66584465499129,12.66584465499129,0.7044236905809456,0.7044236905809456
C1_sensor_MPC,parameter_variation,12027,1,0.20875979903573239,0.20875979903573239,0.3624946475316335,0.3624946475316335,0.7918148664244171,0.7918148664244171
C2_aux_recovery_MPC,parameter_variation,12027,1,0.20875979903573239,0.20875979903573239,0.3624946475316335,0.3624946475316335,0.7918148664244171,0.7918148664244171
C1_sensor_MPC,parameter_variation,12029,2,0.1864758486280676,0.18203585794303834,8.44871688158684,6.061054231704322,0.831447037344655,0.8303574936319436
C2_aux_recovery_MPC,parameter_variation,12029,2,0.1864758486280676,0.18203585794303834,8.44871688158684,6.061054231704322,0.831447037344655,0.8303574936319436
C1_sensor_MPC,combined_fault_load,12026,301,11.383953859562824,10.366571187293195,0.634183053004635,0.5200280699556852,3.257984285003048,3.2477799855246996
C2_aux_recovery_MPC,combined_fault_load,12026,301,11.383953859562824,10.366571187293195,0.634183053004635,0.5200280699556852,3.257984285003048,3.2477799855246996
C1_sensor_MPC,combined_fault_load,12027,302,11.801557784421348,10.904262676188653,0.6681016673139841,0.5366418337014985,3.2810812767257893,3.2695810159857834
C2_aux_recovery_MPC,combined_fault_load,12027,302,11.801557784421348,10.904262676188653,0.6681016673139841,0.5366418337014985,3.2810812767257893,3.2695810159857834
C1_sensor_MPC,combined_fault_load,12028,301,11.727312076616599,10.819704461191893,0.6287332140710616,0.5183479623336862,3.2477193466812646,3.2378216006458973
C2_aux_recovery_MPC,combined_fault_load,12028,301,11.727312076616599,10.819704461191893,0.6287332140710616,0.5183479623336862,3.2477193466812646,3.2378216006458973
C1_sensor_MPC,combined_fault_load,12029,302,11.61293181279217,10.65168774172046,0.6489303663627011,0.5298101115758711,3.2522926216244077,3.2400170248602698
C2_aux_recovery_MPC,combined_fault_load,12029,302,11.61293181279217,10.65168774172046,0.6489303663627011,0.5298101115758711,3.2522926216244077,3.2400170248602698
C1_sensor_MPC,combined_fault_load,12030,301,11.889897100218956,11.029918520615748,0.6993685800562426,0.541972272979267,3.2815004336333025,3.273156709841461
C2_aux_recovery_MPC,combined_fault_load,12030,301,11.889897100218956,11.029918520615748,0.6993685800562426,0.541972272979267,3.2815004336333025,3.273156709841461
C1_sensor_MPC,sensor_bias_5,19026,401,0.35600194274747765,0.3510573705935613,0.24281486273907943,0.18585912975505753,2.319011356014035,1.7312304459538488
C2_aux_recovery_MPC,sensor_bias_5,19026,401,0.35600194274747765,0.3510573705935613,0.24281486273907943,0.18585912975505753,2.319011356014035,1.7312304459538488
C1_sensor_MPC,sensor_bias_5,19027,401,0.2626660256544832,0.2392307741019733,0.33563167883687456,0.23840558035618153,2.3179571866147883,1.7339999613085322
C2_aux_recovery_MPC,sensor_bias_5,19027,401,0.2626660256544832,0.2392307741019733,0.33563167883687456,0.23840558035618153,2.3179571866147883,1.7339999613085322
C1_sensor_MPC,sensor_bias_5,19028,401,0.3471331455598059,0.33869397380194355,0.4553563298052101,0.2788509059171409,2.3322948650356934,1.7415302403838122
C2_aux_recovery_MPC,sensor_bias_5,19028,401,0.3471331455598059,0.33869397380194355,0.4553563298052101,0.2788509059171409,2.3322948650356934,1.7415302403838122
C1_sensor_MPC,sensor_bias_5,19029,401,0.24087065733786578,0.21737244151777826,0.4276703010005139,0.27870666847972075,2.315535007020555,1.7287549760808587
C2_aux_recovery_MPC,sensor_bias_5,19029,401,0.24087065733786578,0.21737244151777826,0.4276703010005139,0.27870666847972075,2.315535007020555,1.7287549760808587
C1_sensor_MPC,sensor_bias_5,19030,401,0.37734757588213813,0.3726213113764073,0.46247238976167454,0.303452409026654,2.327939196611021,1.7267362635507388
C2_aux_recovery_MPC,sensor_bias_5,19030,401,0.37734757588213813,0.3726213113764073,0.46247238976167454,0.303452409026654,2.327939196611021,1.7267362635507388
C1_sensor_MPC,sensor_bias_15,19026,401,0.35600194274747765,0.3510573705935613,0.24281486273907943,0.18585912975505753,6.917277757803397,4.984815233983773
C2_aux_recovery_MPC,sensor_bias_15,19026,401,0.35600194274747765,0.3510573705935613,0.24281486273907943,0.18585912975505753,6.917277757803397,4.984815233983773
C1_sensor_MPC,sensor_bias_15,19027,401,0.2626660256544832,0.2392307741019733,0.33563167883687456,0.23840558035618153,6.914924427256542,4.987584749338457
C2_aux_recovery_MPC,sensor_bias_15,19027,401,0.2626660256544832,0.2392307741019733,0.33563167883687456,0.23840558035618153,6.914924427256542,4.987584749338457
C1_sensor_MPC,sensor_bias_15,19028,401,0.3471331455598059,0.33869397380194355,0.4553563298052101,0.2788509059171409,6.9296211811974295,4.995115028413737
C2_aux_recovery_MPC,sensor_bias_15,19028,401,0.3471331455598059,0.33869397380194355,0.4553563298052101,0.2788509059171409,6.9296211811974295,4.995115028413737
C1_sensor_MPC,sensor_bias_15,19029,401,0.24087065733786578,0.21737244151777826,0.4276703010005139,0.27870666847972075,6.91364181856281,4.982339764110784
C2_aux_recovery_MPC,sensor_bias_15,19029,401,0.24087065733786578,0.21737244151777826,0.4276703010005139,0.27870666847972075,6.91364181856281,4.982339764110784
C1_sensor_MPC,sensor_bias_15,19030,401,0.37734757588213813,0.3726213113764073,0.46247238976167454,0.303452409026654,6.926877680561356,4.980321051580663
C2_aux_recovery_MPC,sensor_bias_15,19030,401,0.37734757588213813,0.3726213113764073,0.46247238976167454,0.303452409026654,6.926877680561356,4.980321051580663
C1_sensor_MPC,sensor_dropout,19026,401,0.35600194274747765,0.3510573705935613,0.24281486273907943,0.18585912975505753,24.521545210072272,17.419717174896768
C2_aux_recovery_MPC,sensor_dropout,19026,401,0.35600194274747765,0.3510573705935613,0.24281486273907943,0.18585912975505753,24.521545210072272,17.419717174896768
C1_sensor_MPC,sensor_dropout,19027,401,0.2626660256544832,0.2392307741019733,0.33563167883687456,0.23840558035618153,24.838137168925204,17.647962199679
C2_aux_recovery_MPC,sensor_dropout,19027,401,0.2626660256544832,0.2392307741019733,0.33563167883687456,0.23840558035618153,24.838137168925204,17.647962199679
C1_sensor_MPC,sensor_dropout,19028,401,0.3471331455598059,0.33869397380194355,0.4553563298052101,0.2788509059171409,24.52921456597616,17.426656510009774
C2_aux_recovery_MPC,sensor_dropout,19028,401,0.3471331455598059,0.33869397380194355,0.4553563298052101,0.2788509059171409,24.52921456597616,17.426656510009774
C1_sensor_MPC,sensor_dropout,19029,401,0.24087065733786578,0.21737244151777826,0.4276703010005139,0.27870666847972075,24.787121395981313,17.60687060269631
C2_aux_recovery_MPC,sensor_dropout,19029,401,0.24087065733786578,0.21737244151777826,0.4276703010005139,0.27870666847972075,24.787121395981313,17.60687060269631
C1_sensor_MPC,sensor_dropout,19030,401,0.37734757588213813,0.3726213113764073,0.46247238976167454,0.303452409026654,24.536752474141544,17.41787725272394
C2_aux_recovery_MPC,sensor_dropout,19030,401,0.37734757588213813,0.3726213113764073,0.46247238976167454,0.303452409026654,24.536752474141544,17.41787725272394
C1_sensor_MPC,sensor_drift,19030,1,4.661928406963739,4.661928406963739,0.7533946909518363,0.7533946909518363,3.7064946238061722,3.7064946238061722
C2_aux_recovery_MPC,sensor_drift,19030,1,4.661928406963739,4.661928406963739,0.7533946909518363,0.7533946909518363,3.7064946238061722,3.7064946238061722
C1_sensor_MPC,load_disturbance,19027,7,0.24610921529167326,0.24455369746079875,1.1148380579717112,1.088055962077804,0.38277057894771727,0.33029605353927344
C2_aux_recovery_MPC,load_disturbance,19027,7,0.24610921529167326,0.24455369746079875,1.1148380579717112,1.088055962077804,0.38277057894771727,0.33029605353927344
C1_sensor_MPC,load_disturbance,19029,164,8.03230606953922,7.180823065440766,0.934067330611237,0.8113834648806402,0.25563312055614257,0.20274143736365766
C2_aux_recovery_MPC,load_disturbance,19029,164,8.03230606953922,7.180823065440766,0.934067330611237,0.8113834648806402,0.25563312055614257,0.20274143736365766
C1_sensor_MPC,load_disturbance,19030,7,0.25744810797804957,0.25421125639605535,0.7381179412684041,0.732870078606861,0.40910825538608175,0.3086931695284158
C2_aux_recovery_MPC,load_disturbance,19030,7,0.25744810797804957,0.25421125639605535,0.7381179412684041,0.732870078606861,0.40910825538608175,0.3086931695284158
C1_sensor_MPC,parameter_variation,19027,1,0.27572437639842917,0.27572437639842917,10.919665032194239,10.919665032194239,0.6866875642852079,0.6866875642852079
C2_aux_recovery_MPC,parameter_variation,19027,1,0.27572437639842917,0.27572437639842917,10.919665032194239,10.919665032194239,0.6866875642852079,0.6866875642852079
C1_sensor_MPC,parameter_variation,19029,164,4.706072559272559,4.307488201031434,9.64568133425024,9.459336379577511,0.2556331205561425,0.20274143736365757
C2_aux_recovery_MPC,parameter_variation,19029,164,4.706072559272559,4.307488201031434,9.64568133425024,9.459336379577511,0.2556331205561425,0.20274143736365757
C1_sensor_MPC,parameter_variation,19030,6,0.222748743077773,0.21948851105896003,11.735476763579529,11.733468722071407,0.44059298699080107,0.3463440126773847
C2_aux_recovery_MPC,parameter_variation,19030,217,5.11162794165588,4.535531507407705,9.745147249043923,9.641339639285354,0.22583757238675328,0.18363037515053846
C1_sensor_MPC,combined_fault_load,19026,301,11.427828883936746,10.419694639022334,0.6243990537699085,0.5145378338942623,3.2718955346066947,3.2623865878173905
C2_aux_recovery_MPC,combined_fault_load,19026,301,11.427828883936746,10.419694639022334,0.6243990537699085,0.5145378338942623,3.2718955346066947,3.2623865878173905
C1_sensor_MPC,combined_fault_load,19027,301,12.03820549690279,11.21409477812314,0.7732997286211025,0.5690907003632543,3.2494341674373737,3.238793520509917
C2_aux_recovery_MPC,combined_fault_load,19027,301,12.03820549690279,11.21409477812314,0.7732997286211025,0.5690907003632543,3.2494341674373737,3.238793520509917
C1_sensor_MPC,combined_fault_load,19028,301,11.851793709599384,10.984033127981197,0.6795823289323802,0.5187559215349354,3.2957739410584543,3.285724723773721
C2_aux_recovery_MPC,combined_fault_load,19028,301,11.851793709599384,10.984033127981197,0.6795823289323802,0.5187559215349354,3.2957739410584543,3.285724723773721
C1_sensor_MPC,combined_fault_load,19029,301,11.792991421738371,10.903385440322497,0.6810174090020632,0.5410276550120386,3.2759657907437845,3.2662698655610485
C2_aux_recovery_MPC,combined_fault_load,19029,301,11.792991421738371,10.903385440322497,0.6810174090020632,0.5410276550120386,3.2759657907437845,3.2662698655610485
C1_sensor_MPC,combined_fault_load,19030,301,11.410468836431154,10.399269652560342,0.6375181199947842,0.520879666947167,3.2833790165392673,3.2748887864092935
C2_aux_recovery_MPC,combined_fault_load,19030,301,11.410468836431154,10.399269652560342,0.6375181199947842,0.520879666947167,3.2833790165392673,3.2748887864092935
