scenario,controller,overall_rmse_mean,overall_rmse_std,overall_rmse_median,overall_mae_mean,overall_mae_std,overall_mae_median,fault_window_rmse_mean,fault_window_rmse_std,fault_window_rmse_median,sub_fraction_mean,sub_fraction_std,sub_fraction_median,reliability_entries_mean,reliability_entries_std,reliability_entries_median,switches_mean,switches_std,switches_median,frac_phys_mean,frac_phys_std,frac_phys_median,frac_main_mean,frac_main_std,frac_main_median,frac_aux_mean,frac_aux_std,frac_aux_median,frac_fb_mean,frac_fb_std,frac_fb_median,control_effort_u2_mean,control_effort_u2_std,control_effort_u2_median,event_frac_aux_mean,event_frac_aux_std,event_frac_aux_median,event_frac_fb_mean,event_frac_fb_std,event_frac_fb_median,optimizer_failures_mean,optimizer_failures_std,optimizer_failures_median,voltage_violations_mean,voltage_violations_std,voltage_violations_median,rate_violations_mean,rate_violations_std,rate_violations_median,main_prediction_failures_mean,main_prediction_failures_std,main_prediction_failures_median,aux_prediction_failures_mean,aux_prediction_failures_std,aux_prediction_failures_median,nonfinite_events_mean,nonfinite_events_std,nonfinite_events_median
changing_reference,A_PI,9.703012767557835,0.03231573043268875,9.719688597631066,7.737498618624571,0.03577098037940745,7.750198160100202,9.703012767557835,0.03231573043268875,9.719688597631066,0.0,0.0,0.0,0.0,0.0,0.0,0.0,0.0,0.0,1.0,0.0,1.0,0.0,0.0,0.0,0.0,0.0,0.0,0.0,0.0,0.0,5732.6226438057065,12.83788582855513,5731.191794899713,0.0,0.0,0.0,0.0,0.0,0.0,0.0,0.0,0.0,0.0,0.0,0.0,0.0,0.0,0.0,0.0,0.0,0.0,0.0,0.0,0.0,0.0,0.0,0.0
changing_reference,B_plain_MPC,7.220168214065948,0.05355411013746002,7.219544335173738,4.236726089915595,0.05135694580880204,4.215144463634484,7.220168214065948,0.05355411013746002,7.219544335173738,0.0,0.0,0.0,0.0,0.0,0.0,0.0,0.0,0.0,1.0,0.0,1.0,0.0,0.0,0.0,0.0,0.0,0.0,0.0,0.0,0.0,6596.577871960819,110.91752146348747,6570.902410543563,0.0,0.0,0.0,0.0,0.0,0.0,0.0,0.0,0.0,0.0,0.0,0.0,0.0,0.0,0.0,0.0,0.0,0.0,0.0,0.0,0.0,0.0,0.0,0.0
changing_reference,C1_sensor_MPC,7.218066071391647,0.05740283898784297,7.219544335173738,4.235695409416758,0.0525212916726463,4.215144463634693,7.218066071391647,0.05740283898784297,7.219544335173738,0.0006655574043261231,0.0009113520091600101,0.0,0.0,0.0,0.0,0.8,1.0954451150103321,0.0,0.9993344425956738,0.0009113520091600145,1.0,0.0006655574043261231,0.0009113520091600101,0.0,0.0,0.0,0.0,0.0,0.0,0.0,6597.305053416172,110.73841810586157,6570.902410543563,0.0,0.0,0.0,0.0,0.0,0.0,0.0,0.0,0.0,0.0,0.0,0.0,0.0,0.0,0.0,0.0,0.0,0.0,0.0,0.0,0.0,0.0,0.0,0.0
changing_reference,C2_aux_recovery_MPC,7.218066071391647,0.05740283898784297,7.219544335173738,4.235695409416758,0.0525212916726463,4.215144463634693,7.218066071391647,0.05740283898784297,7.219544335173738,0.0006655574043261231,0.0009113520091600101,0.0,0.0,0.0,0.0,0.8,1.0954451150103321,0.0,0.9993344425956738,0.0009113520091600145,1.0,0.0006655574043261231,0.0009113520091600101,0.0,0.0,0.0,0.0,0.0,0.0,0.0,6597.305053416172,110.73841810586157,6570.902410543563,0.0,0.0,0.0,0.0,0.0,0.0,0.0,0.0,0.0,0.0,0.0,0.0,0.0,0.0,0.0,0.0,0.0,0.0,0.0,0.0,0.0,0.0,0.0,0.0
changing_reference,C3_arbitration_MPC,7.218066071391647,0.05740283898784297,7.219544335173738,4.235695409416758,0.0525212916726463,4.215144463634693,7.218066071391647,0.05740283898784297,7.219544335173738,0.0006655574043261231,0.0009113520091600101,0.0,0.0,0.0,0.0,0.8,1.0954451150103321,0.0,0.9993344425956738,0.0009113520091600145,1.0,0.0006655574043261231,0.0009113520091600101,0.0,0.0,0.0,0.0,0.0,0.0,0.0,6597.305053416172,110.73841810586157,6570.902410543563,0.0,0.0,0.0,0.0,0.0,0.0,0.0,0.0,0.0,0.0,0.0,0.0,0.0,0.0,0.0,0.0,0.0,0.0,0.0,0.0,0.0,0.0,0.0,0.0
combined_fault_load,A_PI,11.601692277545295,0.011291209281272866,11.601999967684309,7.437511604509685,0.026678743964482728,7.436193317921127,4.779198355803494,0.031217128531367395,4.790885649433842,0.0,0.0,0.0,,,,0.0,0.0,0.0,1.0,0.0,1.0,0.0,0.0,0.0,0.0,0.0,0.0,0.0,0.0,0.0,7525.013080251624,7.082302272690481,7523.004156248891,0.0,0.0,0.0,0.0,0.0,0.0,0.0,0.0,0.0,0.0,0.0,0.0,0.0,0.0,0.0,0.0,0.0,0.0,0.0,0.0,0.0,0.0,0.0,0.0
combined_fault_load,B_plain_MPC,11.236415023523348,0.02720348247904648,11.223972042960742,6.521417338857935,0.041015343998742106,6.516321826447502,4.34320198940245,0.1523109347461119,4.263630284069805,0.0,0.0,0.0,,,,0.0,0.0,0.0,1.0,0.0,1.0,0.0,0.0,0.0,0.0,0.0,0.0,0.0,0.0,0.0,7988.586601860746,49.322492886058434,7980.709842313972,0.0,0.0,0.0,0.0,0.0,0.0,0.0,0.0,0.0,0.0,0.0,0.0,0.0,0.0,0.0,0.0,0.0,0.0,0.0,0.0,0.0,0.0,0.0,0.0
combined_fault_load,C1_sensor_MPC,13.647767345742135,0.0935373629297626,13.641151393801277,9.882147659445081,0.1475129095885481,9.874383200231694,11.775775954254806,0.20993351591864418,11.76191650303774,0.5014975041597338,0.0009113520091600145,0.5008319467554077,,,,1.8,1.0954451150103321,1.0,0.49850249584026624,0.0009113520091600081,0.49916805324459235,0.5014975041597338,0.0009113520091600145,0.5008319467554077,0.0,0.0,0.0,0.0,0.0,0.0,6132.900203506295,28.095347696072498,6143.773361817223,0.0,0.0,0.0,0.0,0.0,0.0,0.0,0.0,0.0,0.0,0.0,0.0,0.0,0.0,0.0,0.0,0.0,0.0,0.0,0.0,0.0,0.0,0.0,0.0
combined_fault_load,C2_aux_recovery_MPC,13.647767345742135,0.0935373629297626,13.641151393801277,9.882147659445081,0.1475129095885481,9.874383200231694,11.775775954254806,0.20993351591864418,11.76191650303774,0.5014975041597338,0.0009113520091600145,0.5008319467554077,,,,1.8,1.0954451150103321,1.0,0.49850249584026624,0.0009113520091600081,0.49916805324459235,0.5014975041597338,0.0009113520091600145,0.5008319467554077,0.0,0.0,0.0,0.0,0.0,0.0,6132.900203506295,28.095347696072498,6143.773361817223,0.0,0.0,0.0,0.0,0.0,0.0,0.0,0.0,0.0,0.0,0.0,0.0,0.0,0.0,0.0,0.0,0.0,0.0,0.0,0.0,0.0,0.0,0.0,0.0
combined_fault_load,C3_arbitration_MPC,11.166022262242613,0.03016368961368896,11.175438960414024,6.214509516625954,0.07132428302413082,6.233076232324749,3.963267899341299,0.17934372085162362,4.015826586536805,0.5014975041597338,0.0009113520091600145,0.5008319467554077,,,,2.8,1.0954451150103321,2.0,0.49850249584026624,0.0009113520091600081,0.49916805324459235,0.08386023294509151,0.008929389594009143,0.08153078202995008,0.4176372712146422,0.0080660230572651,0.4193011647254576,0.0,0.0,0.0,8529.56146232169,89.7770845039899,8502.616498093006,0.8338870431893689,0.01610524869573532,0.8372093023255814,0.0,0.0,0.0,0.0,0.0,0.0,0.0,0.0,0.0,0.0,0.0,0.0,0.0,0.0,0.0,0.0,0.0,0.0,0.0,0.0,0.0
load_disturbance,A_PI,11.286288227610957,0.008942812131837945,11.28803528954698,6.447461860631819,0.014004311754835269,6.445601427745134,2.902954251473733,0.021125010232306732,2.9157025498567384,0.0,0.0,0.0,,,,0.0,0.0,0.0,1.0,0.0,1.0,0.0,0.0,0.0,0.0,0.0,0.0,0.0,0.0,0.0,8158.872631939463,7.930594815921263,8155.388408975068,0.0,0.0,0.0,0.0,0.0,0.0,0.0,0.0,0.0,0.0,0.0,0.0,0.0,0.0,0.0,0.0,0.0,0.0,0.0,0.0,0.0,0.0,0.0,0.0
load_disturbance,B_plain_MPC,10.827812405999651,0.004731937733128069,10.829532522232748,4.872642921127225,0.02822374859403002,4.870561992476061,0.9371265118327322,0.04415416999027533,0.9365615794985473,0.0,0.0,0.0,,,,0.0,0.0,0.0,1.0,0.0,1.0,0.0,0.0,0.0,0.0,0.0,0.0,0.0,0.0,0.0,8416.016709393274,58.31314191505991,8446.400220256784,0.0,0.0,0.0,0.0,0.0,0.0,0.0,0.0,0.0,0.0,0.0,0.0,0.0,0.0,0.0,0.0,0.0,0.0,0.0,0.0,0.0,0.0,0.0,0.0
load_disturbance,C1_sensor_MPC,12.028014386806333,1.1389743476507295,12.319366610145424,7.127027594123275,2.116668071777311,7.796895900180414,6.207953258116063,4.897064259315602,8.368607754410313,0.2718801996672213,0.2498019015749913,0.3876871880199667,,,,2.2,1.6431676725154984,2.0,0.7281198003327787,0.2498019015749913,0.6123128119800333,0.2718801996672213,0.2498019015749913,0.3876871880199667,0.0,0.0,0.0,0.0,0.0,0.0,7332.897509679198,987.4469365374161,6760.355756625776,0.0,0.0,0.0,0.0,0.0,0.0,0.0,0.0,0.0,0.0,0.0,0.0,0.0,0.0,0.0,0.0,0.0,0.0,0.0,0.0,0.0,0.0,0.0,0.0
load_disturbance,C2_aux_recovery_MPC,12.028014386806333,1.1389743476507295,12.319366610145424,7.127027594123275,2.116668071777311,7.796895900180414,6.207953258116063,4.897064259315602,8.368607754410313,0.2718801996672213,0.2498019015749913,0.3876871880199667,,,,2.2,1.6431676725154984,2.0,0.7281198003327787,0.2498019015749913,0.6123128119800333,0.2718801996672213,0.2498019015749913,0.3876871880199667,0.0,0.0,0.0,0.0,0.0,0.0,7332.897509679198,987.4469365374161,6760.355756625776,0.0,0.0,0.0,0.0,0.0,0.0,0.0,0.0,0.0,0.0,0.0,0.0,0.0,0.0,0.0,0.0,0.0,0.0,0.0,0.0,0.0,0.0,0.0,0.0
load_disturbance,C3_arbitration_MPC,10.99614065378301,0.16112280853665414,11.029264226877475,5.554346139906576,0.640714967974704,5.73798624959186,2.538713813212633,1.5044894747672077,3.1447449295648213,0.2718801996672213,0.2498019015749913,0.3876871880199667,0.6,0.5477225575051661,1.0,2.8,1.7888543819998317,2.0,0.7281198003327787,0.2498019015749913,0.6123128119800333,0.07254575707154742,0.06499415971205055,0.10981697171381032,0.19933444259567387,0.18498949252498156,0.2778702163061564,0.0,0.0,0.0,8519.466731733244,267.00880555166606,8436.275693862757,0.39800664451827245,0.36936440201831866,0.5548172757475083,0.0,0.0,0.0,0.0,0.0,0.0,0.0,0.0,0.0,0.0,0.0,0.0,0.0,0.0,0.0,0.0,0.0,0.0,0.0,0.0,0.0
nominal_tracking,A_PI,11.127075571357338,0.007733678022930305,11.127232220660815,5.748971264988915,0.028792388987371877,5.742094843766381,11.127075571357338,0.007733678022930305,11.127232220660815,0.0,0.0,0.0,0.0,0.0,0.0,0.0,0.0,0.0,1.0,0.0,1.0,0.0,0.0,0.0,0.0,0.0,0.0,0.0,0.0,0.0,5976.052893179402,7.388902129697917,5972.67323947398,0.0,0.0,0.0,0.0,0.0,0.0,0.0,0.0,0.0,0.0,0.0,0.0,0.0,0.0,0.0,0.0,0.0,0.0,0.0,0.0,0.0,0.0,0.0,0.0
nominal_tracking,B_plain_MPC,10.807823059052236,0.0037034554087052554,10.807598174303612,4.486692339450537,0.02263053021899085,4.495861899444797,10.807823059052236,0.0037034554087052554,10.807598174303612,0.0,0.0,0.0,0.0,0.0,0.0,0.0,0.0,0.0,1.0,0.0,1.0,0.0,0.0,0.0,0.0,0.0,0.0,0.0,0.0,0.0,6209.7562709113645,34.63097180051107,6218.490485971726,0.0,0.0,0.0,0.0,0.0,0.0,0.0,0.0,0.0,0.0,0.0,0.0,0.0,0.0,0.0,0.0,0.0,0.0,0.0,0.0,0.0,0.0,0.0,0.0
nominal_tracking,C1_sensor_MPC,10.807836490024883,0.0036982802189156256,10.807598174303612,4.48726409700249,0.02255845135106908,4.495904093360168,10.807836490024883,0.0036982802189156256,10.807598174303612,0.0009983361064891847,0.0009113520091600101,0.0016638935108153079,0.0,0.0,0.0,1.2,1.0954451150103321,2.0,0.9990016638935109,0.0009113520091600145,0.9983361064891847,0.0009983361064891847,0.0009113520091600101,0.0016638935108153079,0.0,0.0,0.0,0.0,0.0,0.0,6210.675196246026,33.551037371417756,6219.407778950696,0.0,0.0,0.0,0.0,0.0,0.0,0.0,0.0,0.0,0.0,0.0,0.0,0.0,0.0,0.0,0.0,0.0,0.0,0.0,0.0,0.0,0.0,0.0,0.0
nominal_tracking,C2_aux_recovery_MPC,10.807836490024883,0.0036982802189156256,10.807598174303612,4.48726409700249,0.02255845135106908,4.495904093360168,10.807836490024883,0.0036982802189156256,10.807598174303612,0.0009983361064891847,0.0009113520091600101,0.0016638935108153079,0.0,0.0,0.0,1.2,1.0954451150103321,2.0,0.9990016638935109,0.0009113520091600145,0.9983361064891847,0.0009983361064891847,0.0009113520091600101,0.0016638935108153079,0.0,0.0,0.0,0.0,0.0,0.0,6210.675196246026,33.551037371417756,6219.407778950696,0.0,0.0,0.0,0.0,0.0,0.0,0.0,0.0,0.0,0.0,0.0,0.0,0.0,0.0,0.0,0.0,0.0,0.0,0.0,0.0,0.0,0.0,0.0,0.0
nominal_tracking,C3_arbitration_MPC,10.807836490024883,0.0036982802189156256,10.807598174303612,4.48726409700249,0.02255845135106908,4.495904093360168,10.807836490024883,0.0036982802189156256,10.807598174303612,0.0009983361064891847,0.0009113520091600101,0.0016638935108153079,0.0,0.0,0.0,1.2,1.0954451150103321,2.0,0.9990016638935109,0.0009113520091600145,0.9983361064891847,0.0009983361064891847,0.0009113520091600101,0.0016638935108153079,0.0,0.0,0.0,0.0,0.0,0.0,6210.675196246026,33.551037371417756,6219.407778950696,0.0,0.0,0.0,0.0,0.0,0.0,0.0,0.0,0.0,0.0,0.0,0.0,0.0,0.0,0.0,0.0,0.0,0.0,0.0,0.0,0.0,0.0,0.0,0.0
parameter_variation,A_PI,11.196702554069637,0.009906259948330162,11.197415003378882,6.170335570145335,0.015618711149790966,6.175187850150201,2.099014981170693,0.007851115361773391,2.099437540762431,0.0,0.0,0.0,,,,0.0,0.0,0.0,1.0,0.0,1.0,0.0,0.0,0.0,0.0,0.0,0.0,0.0,0.0,0.0,7813.4229478923835,4.704583379756423,7814.824626999681,0.0,0.0,0.0,0.0,0.0,0.0,0.0,0.0,0.0,0.0,0.0,0.0,0.0,0.0,0.0,0.0,0.0,0.0,0.0,0.0,0.0,0.0,0.0,0.0
parameter_variation,B_plain_MPC,10.817817102498593,0.003728224359090098,10.818510640976992,4.764704213593384,0.022120198951061393,4.76462294251668,0.6688453316521749,0.022573310651502216,0.6643292042086256,0.0,0.0,0.0,,,,0.0,0.0,0.0,1.0,0.0,1.0,0.0,0.0,0.0,0.0,0.0,0.0,0.0,0.0,0.0,7792.530999798788,36.80729104319662,7802.430090431019,0.0,0.0,0.0,0.0,0.0,0.0,0.0,0.0,0.0,0.0,0.0,0.0,0.0,0.0,0.0,0.0,0.0,0.0,0.0,0.0,0.0,0.0,0.0,0.0
parameter_variation,C1_sensor_MPC,10.817853237852196,0.003753608850378244,10.818510640976992,4.765344460302471,0.02258414468587013,4.76462294251668,0.6697581754068457,0.023368776648584468,0.6642757169381001,0.0009983361064891847,0.0009113520091600102,0.0016638935108153079,,,,1.2,1.0954451150103324,2.0,0.9990016638935109,0.0009113520091600017,0.9983361064891847,0.0009983361064891847,0.0009113520091600102,0.0016638935108153079,0.0,0.0,0.0,0.0,0.0,0.0,7792.922612923494,35.51646720216397,7802.100417983312,0.0,0.0,0.0,0.0,0.0,0.0,0.0,0.0,0.0,0.0,0.0,0.0,0.0,0.0,0.0,0.0,0.0,0.0,0.0,0.0,0.0,0.0,0.0,0.0
parameter_variation,C2_aux_recovery_MPC,10.817853237852196,0.003753608850378244,10.818510640976992,4.765344460302471,0.02258414468587013,4.76462294251668,0.6697581754068457,0.023368776648584468,0.6642757169381001,0.0009983361064891847,0.0009113520091600102,0.0016638935108153079,,,,1.2,1.0954451150103324,2.0,0.9990016638935109,0.0009113520091600017,0.9983361064891847,0.0009983361064891847,0.0009113520091600102,0.0016638935108153079,0.0,0.0,0.0,0.0,0.0,0.0,7792.922612923494,35.51646720216397,7802.100417983312,0.0,0.0,0.0,0.0,0.0,0.0,0.0,0.0,0.0,0.0,0.0,0.0,0.0,0.0,0.0,0.0,0.0,0.0,0.0,0.0,0.0,0.0,0.0,0.0
parameter_variation,C3_arbitration_MPC,10.817850252741826,0.003749761182616133,10.818510640976992,4.765297659251529,0.022515132785160992,4.76462294251668,0.6696643078739161,0.02328107031179924,0.6642757169381001,0.0009983361064891847,0.0009113520091600102,0.0016638935108153079,,,,1.2,1.0954451150103324,2.0,0.9990016638935109,0.0009113520091600017,0.9983361064891847,0.0006655574043261231,0.0009113520091600101,0.0,0.0,0.0,0.0,0.00033277870216306157,0.0007441157995007619,0.0,7792.911377549455,35.512846739015245,7802.0442411131135,0.0,0.0,0.0,0.000664451827242525,0.0014857594534882323,0.0,0.0,0.0,0.0,0.0,0.0,0.0,0.0,0.0,0.0,0.0,0.0,0.0,0.0,0.0,0.0,0.0,0.0,0.0
sensor_bias_15,A_PI,13.001627507233843,0.027859963719727363,13.008296603704029,9.422982493316447,0.044424510602266966,9.430338588006016,11.085139312528714,0.05185072004429396,11.104061480477354,0.0,0.0,0.0,,,,0.0,0.0,0.0,1.0,0.0,1.0,0.0,0.0,0.0,0.0,0.0,0.0,0.0,0.0,0.0,5881.576017104273,9.760010645482527,5879.669641973377,0.0,0.0,0.0,0.0,0.0,0.0,0.0,0.0,0.0,0.0,0.0,0.0,0.0,0.0,0.0,0.0,0.0,0.0,0.0,0.0,0.0,0.0,0.0,0.0
sensor_bias_15,B_plain_MPC,11.957293883116284,0.025635856740024644,11.96936376332617,7.546633578397431,0.06936132482942524,7.59364252299267,7.995798613485706,0.09436120670908234,7.969418838383014,0.0,0.0,0.0,,,,0.0,0.0,0.0,1.0,0.0,1.0,0.0,0.0,0.0,0.0,0.0,0.0,0.0,0.0,0.0,6671.827027236579,107.62279859583002,6611.237636929477,0.0,0.0,0.0,0.0,0.0,0.0,0.0,0.0,0.0,0.0,0.0,0.0,0.0,0.0,0.0,0.0,0.0,0.0,0.0,0.0,0.0,0.0,0.0,0.0
sensor_bias_15,C1_sensor_MPC,10.810823917868941,0.0029947016132158247,10.810967109632658,4.6173226515254955,0.023623545002634132,4.616695795318343,0.3711740723808011,0.1075015923403983,0.41689764199645113,0.6678868552412645,0.0009113520091600145,0.6672212978369384,,,,1.8,1.0954451150103321,1.0,0.33211314475873543,0.0009113520091600081,0.33277870216306155,0.6678868552412645,0.0009113520091600145,0.6672212978369384,0.0,0.0,0.0,0.0,0.0,0.0,6130.209799739185,37.862170155511585,6112.170317426734,0.0,0.0,0.0,0.0,0.0,0.0,0.0,0.0,0.0,0.0,0.0,0.0,0.0,0.0,0.0,0.0,0.0,0.0,0.0,0.0,0.0,0.0,0.0,0.0
sensor_bias_15,C2_aux_recovery_MPC,10.810823917868941,0.0029947016132158247,10.810967109632658,4.6173226515254955,0.023623545002634132,4.616695795318343,0.3711740723808011,0.1075015923403983,0.41689764199645113,0.6678868552412645,0.0009113520091600145,0.6672212978369384,,,,1.8,1.0954451150103321,1.0,0.33211314475873543,0.0009113520091600081,0.33277870216306155,0.6678868552412645,0.0009113520091600145,0.6672212978369384,0.0,0.0,0.0,0.0,0.0,0.0,6130.209799739185,37.862170155511585,6112.170317426734,0.0,0.0,0.0,0.0,0.0,0.0,0.0,0.0,0.0,0.0,0.0,0.0,0.0,0.0,0.0,0.0,0.0,0.0,0.0,0.0,0.0,0.0,0.0,0.0
sensor_bias_15,C3_arbitration_MPC,10.810823917868941,0.0029947016132158247,10.810967109632658,4.6173226515254955,0.023623545002634132,4.616695795318343,0.3711740723808011,0.1075015923403983,0.41689764199645113,0.6678868552412645,0.0009113520091600145,0.6672212978369384,,,,1.8,1.0954451150103321,1.0,0.33211314475873543,0.0009113520091600081,0.33277870216306155,0.6678868552412645,0.0009113520091600145,0.6672212978369384,0.0,0.0,0.0,0.0,0.0,0.0,6130.209799739185,37.862170155511585,6112.170317426734,0.0,0.0,0.0,0.0,0.0,0.0,0.0,0.0,0.0,0.0,0.0,0.0,0.0,0.0,0.0,0.0,0.0,0.0,0.0,0.0,0.0,0.0,0.0,0.0
sensor_bias_5,A_PI,11.462817754593706,0.008192033691694675,11.462980211052281,6.876422025313973,0.01870129926656629,6.875887643714681,5.150390386627061,0.03151619572065672,5.145478360746504,0.0,0.0,0.0,,,,0.0,0.0,0.0,1.0,0.0,1.0,0.0,0.0,0.0,0.0,0.0,0.0,0.0,0.0,0.0,5867.2555103009745,6.601118552034235,5864.850882305832,0.0,0.0,0.0,0.0,0.0,0.0,0.0,0.0,0.0,0.0,0.0,0.0,0.0,0.0,0.0,0.0,0.0,0.0,0.0,0.0,0.0,0.0,0.0,0.0
sensor_bias_5,B_plain_MPC,10.952923565631119,0.004005529515323237,10.953769855973711,5.505480614286822,0.035853895913037684,5.510981969594518,2.9075979578294677,0.02600094706956649,2.9168679033130416,0.0,0.0,0.0,,,,0.0,0.0,0.0,1.0,0.0,1.0,0.0,0.0,0.0,0.0,0.0,0.0,0.0,0.0,0.0,6491.962883291497,56.30326646473568,6499.101635751455,0.0,0.0,0.0,0.0,0.0,0.0,0.0,0.0,0.0,0.0,0.0,0.0,0.0,0.0,0.0,0.0,0.0,0.0,0.0,0.0,0.0,0.0,0.0,0.0
sensor_bias_5,C1_sensor_MPC,10.810823917868941,0.0029947016132158247,10.810967109632658,4.6173226515254955,0.023623545002634132,4.616695795318343,0.3711740723808011,0.1075015923403983,0.41689764199645113,0.6678868552412645,0.0009113520091600145,0.6672212978369384,,,,1.8,1.0954451150103321,1.0,0.33211314475873543,0.0009113520091600081,0.33277870216306155,0.6678868552412645,0.0009113520091600145,0.6672212978369384,0.0,0.0,0.0,0.0,0.0,0.0,6130.209799739185,37.862170155511585,6112.170317426734,0.0,0.0,0.0,0.0,0.0,0.0,0.0,0.0,0.0,0.0,0.0,0.0,0.0,0.0,0.0,0.0,0.0,0.0,0.0,0.0,0.0,0.0,0.0,0.0
sensor_bias_5,C2_aux_recovery_MPC,10.810823917868941,0.0029947016132158247,10.810967109632658,4.6173226515254955,0.023623545002634132,4.616695795318343,0.3711740723808011,0.1075015923403983,0.41689764199645113,0.6678868552412645,0.0009113520091600145,0.6672212978369384,,,,1.8,1.0954451150103321,1.0,0.33211314475873543,0.0009113520091600081,0.33277870216306155,0.6678868552412645,0.0009113520091600145,0.6672212978369384,0.0,0.0,0.0,0.0,0.0,0.0,6130.209799739185,37.862170155511585,6112.170317426734,0.0,0.0,0.0,0.0,0.0,0.0,0.0,0.0,0.0,0.0,0.0,0.0,0.0,0.0,0.0,0.0,0.0,0.0,0.0,0.0,0.0,0.0,0.0,0.0
sensor_bias_5,C3_arbitration_MPC,10.810823917868941,0.0029947016132158247,10.810967109632658,4.6173226515254955,0.023623545002634132,4.616695795318343,0.3711740723808011,0.1075015923403983,0.41689764199645113,0.6678868552412645,0.0009113520091600145,0.6672212978369384,,,,1.8,1.0954451150103321,1.0,0.33211314475873543,0.0009113520091600081,0.33277870216306155,0.6678868552412645,0.0009113520091600145,0.6672212978369384,0.0,0.0,0.0,0.0,0.0,0.0,6130.209799739185,37.862170155511585,6112.170317426734,0.0,0.0,0.0,0.0,0.0,0.0,0.0,0.0,0.0,0.0,0.0,0.0,0.0,0.0,0.0,0.0,0.0,0.0,0.0,0.0,0.0,0.0,0.0,0.0
sensor_drift,A_PI,11.955461651653689,0.011710862851536418,11.952677817429482,8.357157872914584,0.026126848916671466,8.355755304415329,5.596475301407623,0.04772662861925264,5.586942644986572,0.0,0.0,0.0,,,,0.0,0.0,0.0,1.0,0.0,1.0,0.0,0.0,0.0,0.0,0.0,0.0,0.0,0.0,0.0,5003.380873116769,6.843925645643856,5001.367536841306,0.0,0.0,0.0,0.0,0.0,0.0,0.0,0.0,0.0,0.0,0.0,0.0,0.0,0.0,0.0,0.0,0.0,0.0,0.0,0.0,0.0,0.0,0.0,0.0
sensor_drift,B_plain_MPC,11.643158010023463,0.007246068308667593,11.641329940357867,7.451527686954158,0.01962279409949829,7.454268078376822,5.30529748926787,0.02039131866740634,5.298508576368424,0.0,0.0,0.0,,,,0.0,0.0,0.0,1.0,0.0,1.0,0.0,0.0,0.0,0.0,0.0,0.0,0.0,0.0,0.0,5254.790933868582,32.44400703492195,5263.420548811709,0.0,0.0,0.0,0.0,0.0,0.0,0.0,0.0,0.0,0.0,0.0,0.0,0.0,0.0,0.0,0.0,0.0,0.0,0.0,0.0,0.0,0.0,0.0,0.0
sensor_drift,C1_sensor_MPC,11.643193680509075,0.007206179266982199,11.641339788677078,7.451868559141667,0.01910427093514428,7.454456837416187,5.305418344790281,0.020338013864360835,5.2990803551898304,0.0009983361064891847,0.0009113520091600101,0.0016638935108153079,,,,1.2,1.0954451150103321,2.0,0.9990016638935109,0.0009113520091600145,0.9983361064891847,0.0009983361064891847,0.0009113520091600101,0.0016638935108153079,0.0,0.0,0.0,0.0,0.0,0.0,5255.45101980515,31.17465282433502,5263.420548811709,0.0,0.0,0.0,0.0,0.0,0.0,0.0,0.0,0.0,0.0,0.0,0.0,0.0,0.0,0.0,0.0,0.0,0.0,0.0,0.0,0.0,0.0,0.0,0.0
sensor_drift,C2_aux_recovery_MPC,11.643193680509075,0.007206179266982199,11.641339788677078,7.451868559141667,0.01910427093514428,7.454456837416187,5.305418344790281,0.020338013864360835,5.2990803551898304,0.0009983361064891847,0.0009113520091600101,0.0016638935108153079,,,,1.2,1.0954451150103321,2.0,0.9990016638935109,0.0009113520091600145,0.9983361064891847,0.0009983361064891847,0.0009113520091600101,0.0016638935108153079,0.0,0.0,0.0,0.0,0.0,0.0,5255.45101980515,31.17465282433502,5263.420548811709,0.0,0.0,0.0,0.0,0.0,0.0,0.0,0.0,0.0,0.0,0.0,0.0,0.0,0.0,0.0,0.0,0.0,0.0,0.0,0.0,0.0,0.0,0.0,0.0
sensor_drift,C3_arbitration_MPC,11.643193680509075,0.007206179266982199,11.641339788677078,7.451868559141667,0.01910427093514428,7.454456837416187,5.305418344790281,0.020338013864360835,5.2990803551898304,0.0009983361064891847,0.0009113520091600101,0.0016638935108153079,,,,1.2,1.0954451150103321,2.0,0.9990016638935109,0.0009113520091600145,0.9983361064891847,0.0009983361064891847,0.0009113520091600101,0.0016638935108153079,0.0,0.0,0.0,0.0,0.0,0.0,5255.45101980515,31.17465282433502,5263.420548811709,0.0,0.0,0.0,0.0,0.0,0.0,0.0,0.0,0.0,0.0,0.0,0.0,0.0,0.0,0.0,0.0,0.0,0.0,0.0,0.0,0.0,0.0,0.0,0.0
sensor_dropout,A_PI,19.12377642319378,0.02994116118375785,19.120955537360057,15.556811126989718,0.04063035466654981,15.551863146578945,20.01134297671708,0.0624871374271405,20.01270572573141,0.0,0.0,0.0,,,,0.0,0.0,0.0,1.0,0.0,1.0,0.0,0.0,0.0,0.0,0.0,0.0,0.0,0.0,0.0,9708.437517446822,18.361896221423194,9700.154076777162,0.0,0.0,0.0,0.0,0.0,0.0,0.0,0.0,0.0,0.0,0.0,0.0,0.0,0.0,0.0,0.0,0.0,0.0,0.0,0.0,0.0,0.0,0.0,0.0
sensor_dropout,B_plain_MPC,27.40717284520133,0.10979578206060159,27.387911140549456,23.14477775135328,0.14518246851175134,23.114323959101625,20.602783629231766,0.2707359383354524,20.55716443184842,0.0,0.0,0.0,,,,0.0,0.0,0.0,1.0,0.0,1.0,0.0,0.0,0.0,0.0,0.0,0.0,0.0,0.0,0.0,14946.317299227183,52.246476444345916,14930.138016492721,0.0,0.0,0.0,0.0,0.0,0.0,0.0,0.0,0.0,0.0,0.0,0.0,0.0,0.0,0.0,0.0,0.0,0.0,0.0,0.0,0.0,0.0,0.0,0.0
sensor_dropout,C1_sensor_MPC,10.810823917868941,0.0029947016132158247,10.810967109632658,4.6173226515254955,0.023623545002634132,4.616695795318343,0.3711740723808011,0.1075015923403983,0.41689764199645113,0.6678868552412645,0.0009113520091600145,0.6672212978369384,,,,1.8,1.0954451150103321,1.0,0.33211314475873543,0.0009113520091600081,0.33277870216306155,0.6678868552412645,0.0009113520091600145,0.6672212978369384,0.0,0.0,0.0,0.0,0.0,0.0,6130.209799739185,37.862170155511585,6112.170317426734,0.0,0.0,0.0,0.0,0.0,0.0,0.0,0.0,0.0,0.0,0.0,0.0,0.0,0.0,0.0,0.0,0.0,0.0,0.0,0.0,0.0,0.0,0.0,0.0
sensor_dropout,C2_aux_recovery_MPC,10.810823917868941,0.0029947016132158247,10.810967109632658,4.6173226515254955,0.023623545002634132,4.616695795318343,0.3711740723808011,0.1075015923403983,0.41689764199645113,0.6678868552412645,0.0009113520091600145,0.6672212978369384,,,,1.8,1.0954451150103321,1.0,0.33211314475873543,0.0009113520091600081,0.33277870216306155,0.6678868552412645,0.0009113520091600145,0.6672212978369384,0.0,0.0,0.0,0.0,0.0,0.0,6130.209799739185,37.862170155511585,6112.170317426734,0.0,0.0,0.0,0.0,0.0,0.0,0.0,0.0,0.0,0.0,0.0,0.0,0.0,0.0,0.0,0.0,0.0,0.0,0.0,0.0,0.0,0.0,0.0,0.0
sensor_dropout,C3_arbitration_MPC,10.810823917868941,0.0029947016132158247,10.810967109632658,4.6173226515254955,0.023623545002634132,4.616695795318343,0.3711740723808011,0.1075015923403983,0.41689764199645113,0.6678868552412645,0.0009113520091600145,0.6672212978369384,,,,1.8,1.0954451150103321,1.0,0.33211314475873543,0.0009113520091600081,0.33277870216306155,0.6678868552412645,0.0009113520091600145,0.6672212978369384,0.0,0.0,0.0,0.0,0.0,0.0,6130.209799739185,37.862170155511585,6112.170317426734,0.0,0.0,0.0,0.0,0.0,0.0,0.0,0.0,0.0,0.0,0.0,0.0,0.0,0.0,0.0,0.0,0.0,0.0,0.0,0.0,0.0,0.0,0.0,0.0
sensor_noise,A_PI,11.135517973806415,0.039076310849278206,11.14445197701229,5.779386069489493,0.2673286616500596,5.850686827238841,2.240063238239201,0.35525832972636945,2.3335757646568513,0.0,0.0,0.0,,,,0.0,0.0,0.0,1.0,0.0,1.0,0.0,0.0,0.0,0.0,0.0,0.0,0.0,0.0,0.0,6018.844968149441,22.164049449929554,6016.601082440753,0.0,0.0,0.0,0.0,0.0,0.0,0.0,0.0,0.0,0.0,0.0,0.0,0.0,0.0,0.0,0.0,0.0,0.0,0.0,0.0,0.0,0.0,0.0,0.0
sensor_noise,B_plain_MPC,10.8408071719122,0.023114082885654932,10.838382828469697,4.837470009972104,0.1458192583336909,4.878012593937247,1.386387654422316,0.4865519785552499,1.4168208258830732,0.0,0.0,0.0,,,,0.0,0.0,0.0,1.0,0.0,1.0,0.0,0.0,0.0,0.0,0.0,0.0,0.0,0.0,0.0,6546.670254974177,116.14918681143072,6543.862247618477,0.0,0.0,0.0,0.0,0.0,0.0,0.0,0.0,0.0,0.0,0.0,0.0,0.0,0.0,0.0,0.0,0.0,0.0,0.0,0.0,0.0,0.0,0.0,0.0
sensor_noise,C1_sensor_MPC,10.822041045835823,0.012596806532439607,10.820801294485868,4.801700356904304,0.1421866426024873,4.7822842924059925,0.7960289244867681,0.385147902962641,0.676211330622882,0.6655574043261231,0.002037845043912792,0.6655574043261231,,,,3.4,0.8944271909999159,3.0,0.33444259567387685,0.002037845043912792,0.33444259567387685,0.6655574043261231,0.002037845043912792,0.6655574043261231,0.0,0.0,0.0,0.0,0.0,0.0,6160.385017002422,59.99822271638105,6136.44332223251,0.0,0.0,0.0,0.0,0.0,0.0,0.0,0.0,0.0,0.0,0.0,0.0,0.0,0.0,0.0,0.0,0.0,0.0,0.0,0.0,0.0,0.0,0.0,0.0
sensor_noise,C2_aux_recovery_MPC,10.822041045835823,0.012596806532439607,10.820801294485868,4.801700356904304,0.1421866426024873,4.7822842924059925,0.7960289244867681,0.385147902962641,0.676211330622882,0.6655574043261231,0.002037845043912792,0.6655574043261231,,,,3.4,0.8944271909999159,3.0,0.33444259567387685,0.002037845043912792,0.33444259567387685,0.6655574043261231,0.002037845043912792,0.6655574043261231,0.0,0.0,0.0,0.0,0.0,0.0,6160.385017002422,59.99822271638105,6136.44332223251,0.0,0.0,0.0,0.0,0.0,0.0,0.0,0.0,0.0,0.0,0.0,0.0,0.0,0.0,0.0,0.0,0.0,0.0,0.0,0.0,0.0,0.0,0.0,0.0
sensor_noise,C3_arbitration_MPC,10.822041045835823,0.012596806532439607,10.820801294485868,4.801700356904304,0.1421866426024873,4.7822842924059925,0.7960289244867681,0.385147902962641,0.676211330622882,0.6655574043261231,0.002037845043912792,0.6655574043261231,,,,3.4,0.8944271909999159,3.0,0.33444259567387685,0.002037845043912792,0.33444259567387685,0.6655574043261231,0.002037845043912792,0.6655574043261231,0.0,0.0,0.0,0.0,0.0,0.0,6160.385017002422,59.99822271638105,6136.44332223251,0.0,0.0,0.0,0.0,0.0,0.0,0.0,0.0,0.0,0.0,0.0,0.0,0.0,0.0,0.0,0.0,0.0,0.0,0.0,0.0,0.0,0.0,0.0,0.0
step_reference,A_PI,7.215418859566559,0.01217838309905809,7.215636580160997,4.66507080607255,0.04153346794379637,4.678371525388533,7.215418859566559,0.01217838309905809,7.215636580160997,0.0,0.0,0.0,0.0,0.0,0.0,0.0,0.0,0.0,1.0,0.0,1.0,0.0,0.0,0.0,0.0,0.0,0.0,0.0,0.0,0.0,6169.4546116646725,7.375808455189319,6168.442271715407,0.0,0.0,0.0,0.0,0.0,0.0,0.0,0.0,0.0,0.0,0.0,0.0,0.0,0.0,0.0,0.0,0.0,0.0,0.0,0.0,0.0,0.0,0.0,0.0
step_reference,B_plain_MPC,7.075726127394761,0.03874915808249235,7.058992200752494,3.781923176133378,0.0331102105040446,3.786616318891547,7.075726127394761,0.03874915808249235,7.058992200752494,0.0,0.0,0.0,0.0,0.0,0.0,0.0,0.0,0.0,1.0,0.0,1.0,0.0,0.0,0.0,0.0,0.0,0.0,0.0,0.0,0.0,7180.129532474224,32.567536442954314,7176.878117251418,0.0,0.0,0.0,0.0,0.0,0.0,0.0,0.0,0.0,0.0,0.0,0.0,0.0,0.0,0.0,0.0,0.0,0.0,0.0,0.0,0.0,0.0,0.0,0.0
step_reference,C1_sensor_MPC,7.07573058788101,0.038745960738917576,7.058992200752494,3.7820319991087237,0.0329329970183843,3.786616318891547,7.07573058788101,0.038745960738917576,7.058992200752494,0.0009983361064891847,0.0009113520091600101,0.0016638935108153079,0.0,0.0,0.0,1.2,1.0954451150103321,2.0,0.9990016638935109,0.0009113520091600145,0.9983361064891847,0.0009983361064891847,0.0009113520091600101,0.0016638935108153079,0.0,0.0,0.0,0.0,0.0,0.0,7180.631308121838,32.07868957706059,7176.878117251418,0.0,0.0,0.0,0.0,0.0,0.0,0.0,0.0,0.0,0.0,0.0,0.0,0.0,0.0,0.0,0.0,0.0,0.0,0.0,0.0,0.0,0.0,0.0,0.0
step_reference,C2_aux_recovery_MPC,7.07573058788101,0.038745960738917576,7.058992200752494,3.7820319991087237,0.0329329970183843,3.786616318891547,7.07573058788101,0.038745960738917576,7.058992200752494,0.0009983361064891847,0.0009113520091600101,0.0016638935108153079,0.0,0.0,0.0,1.2,1.0954451150103321,2.0,0.9990016638935109,0.0009113520091600145,0.9983361064891847,0.0009983361064891847,0.0009113520091600101,0.0016638935108153079,0.0,0.0,0.0,0.0,0.0,0.0,7180.631308121838,32.07868957706059,7176.878117251418,0.0,0.0,0.0,0.0,0.0,0.0,0.0,0.0,0.0,0.0,0.0,0.0,0.0,0.0,0.0,0.0,0.0,0.0,0.0,0.0,0.0,0.0,0.0,0.0
step_reference,C3_arbitration_MPC,7.07573058788101,0.038745960738917576,7.058992200752494,3.7820319991087237,0.0329329970183843,3.786616318891547,7.07573058788101,0.038745960738917576,7.058992200752494,0.0009983361064891847,0.0009113520091600101,0.0016638935108153079,0.0,0.0,0.0,1.2,1.0954451150103321,2.0,0.9990016638935109,0.0009113520091600145,0.9983361064891847,0.0009983361064891847,0.0009113520091600101,0.0016638935108153079,0.0,0.0,0.0,0.0,0.0,0.0,7180.631308121838,32.07868957706059,7176.878117251418,0.0,0.0,0.0,0.0,0.0,0.0,0.0,0.0,0.0,0.0,0.0,0.0,0.0,0.0,0.0,0.0,0.0,0.0,0.0,0.0,0.0,0.0,0.0,0.0
