matrix,family,condition_id,current_case,training_seed,simulation_seed,controller,step,time_s,event,raw_main_residual,aux_residual,cusum_score
current_boundary,current_sensor,current_bias_5,current_bias_5,2026,59029,E_EKF_virtual_MPC,203,2.0300000000000002,entry,1.7350604012109372,4.873719675938009,2.567478329064423
current_boundary,current_sensor,current_bias_5,current_bias_5,2026,59030,C3_arbitration_MPC,50,0.5,entry,0.05629739013123469,-3.9695395312190946,1.8314012503204462
current_boundary,current_sensor,current_bias_5,current_bias_5,2027,59026,C3_arbitration_MPC,87,0.87,entry,6.732220998929044,6.866344439074986,13.971120063437493
current_boundary,current_sensor,current_bias_5,current_bias_5,2027,59027,C3_arbitration_MPC,48,0.48,entry,0.9876360711057721,1.470402811343451,3.413989507632129
current_boundary,current_sensor,current_bias_5,current_bias_5,2027,59029,C3_arbitration_MPC,203,2.0300000000000002,entry,0.00214458393900685,3.822832771960197,1.4349936043260705
current_boundary,current_sensor,current_bias_5,current_bias_5,2027,59029,E_EKF_virtual_MPC,203,2.0300000000000002,entry,3.1467006294712334,3.822832771960197,5.824217222531416
current_boundary,current_sensor,current_bias_5,current_bias_5,2027,59030,C3_arbitration_MPC,61,0.61,entry,0.12133364374157196,1.193423385892526,1.4594749964490177
current_boundary,current_sensor,current_dropout_2s,current_dropout_2s,2026,59029,C3_arbitration_MPC,203,2.0300000000000002,entry,-6.273270897617188,-16.40028581182144,9.471207770748078
current_boundary,current_sensor,current_dropout_2s,current_dropout_2s,2026,59029,E_EKF_virtual_MPC,203,2.0300000000000002,entry,-19.33669405435547,-16.40028581182144,39.98386875097269
current_boundary,current_sensor,current_dropout_2s,current_dropout_2s,2026,59030,C3_arbitration_MPC,50,0.5,entry,0.05629739013123469,-3.9695395312190946,1.8314012503204462
current_boundary,current_sensor,current_dropout_2s,current_dropout_2s,2027,59026,C3_arbitration_MPC,87,0.87,entry,6.732220998929044,6.866344439074986,13.971120063437493
current_boundary,current_sensor,current_dropout_2s,current_dropout_2s,2027,59027,C3_arbitration_MPC,48,0.48,entry,0.9876360711057721,1.470402811343451,3.413989507632129
current_boundary,current_sensor,current_dropout_2s,current_dropout_2s,2027,59027,E_EKF_virtual_MPC,554,5.54,entry,-2.5840021415075043,-0.3147990370346889,6.35179538491872
current_boundary,current_sensor,current_dropout_2s,current_dropout_2s,2027,59029,C3_arbitration_MPC,203,2.0300000000000002,entry,-10.72442936015279,-16.175901198500405,16.88111863484365
current_boundary,current_sensor,current_dropout_2s,current_dropout_2s,2027,59029,E_EKF_virtual_MPC,203,2.0300000000000002,entry,-16.652175179244587,-16.175901198500405,33.904346326494036
current_boundary,current_sensor,current_dropout_2s,current_dropout_2s,2027,59030,C3_arbitration_MPC,61,0.61,entry,0.12133364374157196,1.193423385892526,1.4594749964490177
current_boundary,current_sensor,current_dropout_2s,current_dropout_2s,2028,59029,C3_arbitration_MPC,203,2.0300000000000002,entry,-8.833304725016283,-21.07132508451155,12.518071008659296
current_boundary,current_sensor,current_dropout_2s,current_dropout_2s,2028,59029,E_EKF_virtual_MPC,203,2.0300000000000002,entry,-21.971007666910815,-21.07132508451155,43.74440844152062
current_boundary,current_sensor,speed_bias_5_plus_current_bias_5,speed_bias_5_plus_current_bias_5,2026,59026,C3_arbitration_MPC,202,2.02,entry,3.320738352836429,6.436599280979685,9.09745727199729
current_boundary,current_sensor,speed_bias_5_plus_current_bias_5,speed_bias_5_plus_current_bias_5,2026,59026,E_EKF_virtual_MPC,202,2.02,entry,5.268781840405502,6.60485074545111,12.404078585531861
current_boundary,current_sensor,speed_bias_5_plus_current_bias_5,speed_bias_5_plus_current_bias_5,2026,59027,C3_arbitration_MPC,202,2.02,entry,3.1288123549116094,6.978647507507091,9.336842852105736
current_boundary,current_sensor,speed_bias_5_plus_current_bias_5,speed_bias_5_plus_current_bias_5,2026,59027,E_EKF_virtual_MPC,202,2.02,entry,5.215878669629156,7.084185404007428,12.907227593374824
current_boundary,current_sensor,speed_bias_5_plus_current_bias_5,speed_bias_5_plus_current_bias_5,2026,59028,C3_arbitration_MPC,202,2.02,entry,3.3062220049906585,6.140715682106958,9.292024950411616
current_boundary,current_sensor,speed_bias_5_plus_current_bias_5,speed_bias_5_plus_current_bias_5,2026,59028,E_EKF_virtual_MPC,202,2.02,entry,5.247562450880707,6.289107921966412,12.588985626854438
current_boundary,current_sensor,speed_bias_5_plus_current_bias_5,speed_bias_5_plus_current_bias_5,2026,59029,C3_arbitration_MPC,202,2.02,entry,2.8286738687536612,6.978313378423184,8.01921438955066
current_boundary,current_sensor,speed_bias_5_plus_current_bias_5,speed_bias_5_plus_current_bias_5,2026,59029,E_EKF_virtual_MPC,202,2.02,entry,4.985148699712873,7.06915558573397,11.712515970955314
current_boundary,current_sensor,speed_bias_5_plus_current_bias_5,speed_bias_5_plus_current_bias_5,2026,59030,C3_arbitration_MPC,50,0.5,entry,0.05629739013123469,-3.9695395312190946,1.8314012503204462
current_boundary,current_sensor,speed_bias_5_plus_current_bias_5,speed_bias_5_plus_current_bias_5,2026,59030,E_EKF_virtual_MPC,202,2.02,entry,5.271194491067,7.0149364366152795,13.015492457863512
current_boundary,current_sensor,speed_bias_5_plus_current_bias_5,speed_bias_5_plus_current_bias_5,2027,59026,C3_arbitration_MPC,87,0.87,entry,6.732220998929044,6.866344439074986,13.971120063437493
current_boundary,current_sensor,speed_bias_5_plus_current_bias_5,speed_bias_5_plus_current_bias_5,2027,59026,E_EKF_virtual_MPC,202,2.02,entry,6.406379018262683,5.632027944397816,15.00815355446434
current_boundary,current_sensor,speed_bias_5_plus_current_bias_5,speed_bias_5_plus_current_bias_5,2027,59027,C3_arbitration_MPC,48,0.48,entry,0.9876360711057721,1.470402811343451,3.413989507632129
current_boundary,current_sensor,speed_bias_5_plus_current_bias_5,speed_bias_5_plus_current_bias_5,2027,59027,E_EKF_virtual_MPC,202,2.02,entry,6.432011293296114,5.909213146344445,15.736895133516875
current_boundary,current_sensor,speed_bias_5_plus_current_bias_5,speed_bias_5_plus_current_bias_5,2027,59028,C3_arbitration_MPC,202,2.02,entry,3.050728808571982,5.83700075763921,8.502279133942846
current_boundary,current_sensor,speed_bias_5_plus_current_bias_5,speed_bias_5_plus_current_bias_5,2027,59028,E_EKF_virtual_MPC,202,2.02,entry,6.373695283149068,5.786817460451811,15.034680150251429
current_boundary,current_sensor,speed_bias_5_plus_current_bias_5,speed_bias_5_plus_current_bias_5,2027,59029,C3_arbitration_MPC,202,2.02,entry,2.7478810392269395,5.657640042622404,7.672467142148296
current_boundary,current_sensor,speed_bias_5_plus_current_bias_5,speed_bias_5_plus_current_bias_5,2027,59029,E_EKF_virtual_MPC,202,2.02,entry,6.311413330410893,5.557437529401181,14.697978073693587
current_boundary,current_sensor,speed_bias_5_plus_current_bias_5,speed_bias_5_plus_current_bias_5,2027,59030,C3_arbitration_MPC,61,0.61,entry,0.12133364374157196,1.193423385892526,1.4594749964490177
current_boundary,current_sensor,speed_bias_5_plus_current_bias_5,speed_bias_5_plus_current_bias_5,2027,59030,E_EKF_virtual_MPC,202,2.02,entry,6.479863022246846,5.914665319697317,15.236156765450172
current_boundary,current_sensor,speed_bias_5_plus_current_bias_5,speed_bias_5_plus_current_bias_5,2028,59026,C3_arbitration_MPC,202,2.02,entry,3.38736117859559,6.308230441189814,9.257499217844702
current_boundary,current_sensor,speed_bias_5_plus_current_bias_5,speed_bias_5_plus_current_bias_5,2028,59026,E_EKF_virtual_MPC,202,2.02,entry,4.953265377245906,6.102118344104568,11.744955431323275
current_boundary,current_sensor,speed_bias_5_plus_current_bias_5,speed_bias_5_plus_current_bias_5,2028,59027,C3_arbitration_MPC,202,2.02,entry,3.1902939047094847,6.911971582443034,9.53796206931156
current_boundary,current_sensor,speed_bias_5_plus_current_bias_5,speed_bias_5_plus_current_bias_5,2028,59027,E_EKF_virtual_MPC,202,2.02,entry,4.85458629936096,6.786496952105917,12.185158622364652
current_boundary,current_sensor,speed_bias_5_plus_current_bias_5,speed_bias_5_plus_current_bias_5,2028,59028,C3_arbitration_MPC,202,2.02,entry,3.3721088928525518,6.044224272469627,9.53368530234517
current_boundary,current_sensor,speed_bias_5_plus_current_bias_5,speed_bias_5_plus_current_bias_5,2028,59028,E_EKF_virtual_MPC,202,2.02,entry,4.9318228885596085,5.868839179399913,12.015549973354986
current_boundary,current_sensor,speed_bias_5_plus_current_bias_5,speed_bias_5_plus_current_bias_5,2028,59029,C3_arbitration_MPC,202,2.02,entry,2.9450504281970424,6.7054138801729835,8.536772164658975
current_boundary,current_sensor,speed_bias_5_plus_current_bias_5,speed_bias_5_plus_current_bias_5,2028,59029,E_EKF_virtual_MPC,202,2.02,entry,4.63250143826469,6.608770551043598,11.196464065402898
current_boundary,current_sensor,speed_bias_5_plus_current_bias_5,speed_bias_5_plus_current_bias_5,2028,59030,C3_arbitration_MPC,202,2.02,entry,3.3275389533957096,6.677273782663313,9.799416261069476
current_boundary,current_sensor,speed_bias_5_plus_current_bias_5,speed_bias_5_plus_current_bias_5,2028,59030,E_EKF_virtual_MPC,202,2.02,entry,4.949040970833444,6.5355627421523295,12.391180925845982
primary,bias,bias_pct_10,,2026,59026,C3_arbitration_MPC,202,2.02,entry,6.582457102836429,7.996310895989872,18.88261352199729
primary,bias,bias_pct_10,,2026,59027,C3_arbitration_MPC,202,2.02,entry,6.390531104911609,8.4036307384917,19.121999102105736
primary,bias,bias_pct_10,,2026,59028,C3_arbitration_MPC,202,2.02,entry,6.5679407549906585,7.680839927721443,19.077181200411616
primary,bias,bias_pct_10,,2026,59029,C3_arbitration_MPC,202,2.02,entry,6.090392618753661,8.408393697346419,17.80437063955066
primary,bias,bias_pct_10,,2026,59030,C3_arbitration_MPC,50,0.5,entry,0.05629739013123469,-3.9695395312190946,1.8314012503204462
primary,bias,bias_pct_10,,2027,59026,C3_arbitration_MPC,87,0.87,entry,6.732220998929044,6.866344439074986,13.971120063437493
primary,bias,bias_pct_10,,2027,59027,C3_arbitration_MPC,48,0.48,entry,0.9876360711057721,1.470402811343451,3.413989507632129
primary,bias,bias_pct_10,,2027,59028,C3_arbitration_MPC,202,2.02,entry,6.312447558571982,6.617120690514071,18.287435383942846
primary,bias,bias_pct_10,,2027,59029,C3_arbitration_MPC,202,2.02,entry,6.0095997892269395,6.466801369989966,17.457623392148296
primary,bias,bias_pct_10,,2027,59030,C3_arbitration_MPC,61,0.61,entry,0.12133364374157196,1.193423385892526,1.4594749964490177
primary,bias,bias_pct_10,,2028,59026,C3_arbitration_MPC,202,2.02,entry,6.64907992859559,7.580805038602449,19.0426554678447
primary,bias,bias_pct_10,,2028,59027,C3_arbitration_MPC,202,2.02,entry,6.452012654709485,8.07089135049636,19.32311831931156
primary,bias,bias_pct_10,,2028,59028,C3_arbitration_MPC,202,2.02,entry,6.633827642852552,7.307473089719707,19.31884155234517
primary,bias,bias_pct_10,,2028,59029,C3_arbitration_MPC,202,2.02,entry,6.206769178197042,7.891188197332291,18.321928414658977
primary,bias,bias_pct_10,,2028,59030,C3_arbitration_MPC,202,2.02,entry,6.58925770339571,7.799902926815527,19.584572511069474
primary,bias,bias_pct_15,,2026,59026,C3_arbitration_MPC,202,2.02,entry,9.844175852836429,11.258029645989872,28.66776977199729
primary,bias,bias_pct_15,,2026,59027,C3_arbitration_MPC,202,2.02,entry,9.65224985491161,11.6653494884917,28.907155352105733
primary,bias,bias_pct_15,,2026,59028,C3_arbitration_MPC,202,2.02,entry,9.829659504990659,10.942558677721443,28.862337450411616
primary,bias,bias_pct_15,,2026,59029,C3_arbitration_MPC,202,2.02,entry,9.352111368753661,11.670112447346419,27.58952688955066
primary,bias,bias_pct_15,,2026,59030,C3_arbitration_MPC,50,0.5,entry,0.05629739013123469,-3.9695395312190946,1.8314012503204462
primary,bias,bias_pct_15,,2027,59026,C3_arbitration_MPC,87,0.87,entry,6.732220998929044,6.866344439074986,13.971120063437493
primary,bias,bias_pct_15,,2027,59027,C3_arbitration_MPC,48,0.48,entry,0.9876360711057721,1.470402811343451,3.413989507632129
primary,bias,bias_pct_15,,2027,59028,C3_arbitration_MPC,202,2.02,entry,9.574166308571982,9.87883944051407,28.072591633942846
primary,bias,bias_pct_15,,2027,59029,C3_arbitration_MPC,202,2.02,entry,9.27131853922694,9.728520119989966,27.242779642148296
primary,bias,bias_pct_15,,2027,59030,C3_arbitration_MPC,61,0.61,entry,0.12133364374157196,1.193423385892526,1.4594749964490177
primary,bias,bias_pct_15,,2028,59026,C3_arbitration_MPC,202,2.02,entry,9.91079867859559,10.842523788602449,28.827811717844696
primary,bias,bias_pct_15,,2028,59027,C3_arbitration_MPC,202,2.02,entry,9.713731404709485,11.33261010049636,29.108274569311558
primary,bias,bias_pct_15,,2028,59028,C3_arbitration_MPC,202,2.02,entry,9.895546392852552,10.569191839719707,29.10399780234517
primary,bias,bias_pct_15,,2028,59029,C3_arbitration_MPC,202,2.02,entry,9.468487928197042,11.15290694733229,28.107084664658974
primary,bias,bias_pct_15,,2028,59030,C3_arbitration_MPC,202,2.02,entry,9.85097645339571,11.061621676815527,29.369728761069474
primary,bias,bias_pct_2.5,,2026,59026,C3_arbitration_MPC,202,2.02,entry,1.689878977836429,3.103732770989872,4.204879146997292
primary,bias,bias_pct_2.5,,2026,59027,C3_arbitration_MPC,202,2.02,entry,1.4979529799116094,3.5110526134916995,4.444264727105735
primary,bias,bias_pct_2.5,,2026,59028,C3_arbitration_MPC,202,2.02,entry,1.6753626299906585,2.7882618027214434,4.399446825411616
primary,bias,bias_pct_2.5,,2026,59029,C3_arbitration_MPC,202,2.02,entry,0.9835200601599112,3.515815572346419,2.912341830956911
primary,bias,bias_pct_2.5,,2026,59030,C3_arbitration_MPC,50,0.5,entry,0.05629739013123469,-3.9695395312190946,1.8314012503204462
primary,bias,bias_pct_2.5,,2027,59026,C3_arbitration_MPC,87,0.87,entry,6.732220998929044,6.866344439074986,13.971120063437493
primary,bias,bias_pct_2.5,,2027,59027,C3_arbitration_MPC,48,0.48,entry,0.9876360711057721,1.470402811343451,3.413989507632129
primary,bias,bias_pct_2.5,,2027,59028,C3_arbitration_MPC,202,2.02,entry,1.4198694335719821,1.7245425655140707,3.609701008942846
primary,bias,bias_pct_2.5,,2027,59029,C3_arbitration_MPC,202,2.02,entry,0.675294979656627,1.574223244989966,2.3381623325779834
primary,bias,bias_pct_2.5,,2027,59030,C3_arbitration_MPC,61,0.61,entry,0.12133364374157196,1.193423385892526,1.4594749964490177
primary,bias,bias_pct_2.5,,2028,59026,C3_arbitration_MPC,202,2.02,entry,1.7565018035955902,2.688226913602449,4.364921092844701
primary,bias,bias_pct_2.5,,2028,59027,C3_arbitration_MPC,202,2.02,entry,1.5594345297094847,3.1783132254963604,4.645383944311559
primary,bias,bias_pct_2.5,,2028,59028,C3_arbitration_MPC,202,2.02,entry,1.7412495178525518,2.414894964719707,4.6411071773451695
primary,bias,bias_pct_2.5,,2028,59029,C3_arbitration_MPC,202,2.02,entry,1.1369640329333706,2.9986100723322906,3.466967019395303
primary,bias,bias_pct_2.5,,2028,59030,C3_arbitration_MPC,202,2.02,entry,1.6966795783957096,2.907324801815527,4.906838136069476
primary,bias,bias_pct_5,,2026,59026,C3_arbitration_MPC,202,2.02,entry,3.320738352836429,4.734592145989872,9.09745727199729
primary,bias,bias_pct_5,,2026,59027,C3_arbitration_MPC,202,2.02,entry,3.1288123549116094,5.1419119884916995,9.336842852105736
primary,bias,bias_pct_5,,2026,59028,C3_arbitration_MPC,202,2.02,entry,3.3062220049906585,4.419121177721443,9.292024950411616
primary,bias,bias_pct_5,,2026,59029,C3_arbitration_MPC,202,2.02,entry,2.8286738687536612,5.146674947346419,8.01921438955066
primary,bias,bias_pct_5,,2026,59030,C3_arbitration_MPC,50,0.5,entry,0.05629739013123469,-3.9695395312190946,1.8314012503204462
primary,bias,bias_pct_5,,2027,59026,C3_arbitration_MPC,87,0.87,entry,6.732220998929044,6.866344439074986,13.971120063437493
primary,bias,bias_pct_5,,2027,59027,C3_arbitration_MPC,48,0.48,entry,0.9876360711057721,1.470402811343451,3.413989507632129
primary,bias,bias_pct_5,,2027,59028,C3_arbitration_MPC,202,2.02,entry,3.050728808571982,3.3554019405140707,8.502279133942846
primary,bias,bias_pct_5,,2027,59029,C3_arbitration_MPC,202,2.02,entry,2.7478810392269395,3.205082619989966,7.672467142148296
primary,bias,bias_pct_5,,2027,59030,C3_arbitration_MPC,61,0.61,entry,0.12133364374157196,1.193423385892526,1.4594749964490177
primary,bias,bias_pct_5,,2028,59026,C3_arbitration_MPC,202,2.02,entry,3.38736117859559,4.319086288602449,9.257499217844702
primary,bias,bias_pct_5,,2028,59027,C3_arbitration_MPC,202,2.02,entry,3.1902939047094847,4.80917260049636,9.53796206931156
primary,bias,bias_pct_5,,2028,59028,C3_arbitration_MPC,202,2.02,entry,3.3721088928525518,4.045754339719707,9.53368530234517
primary,bias,bias_pct_5,,2028,59029,C3_arbitration_MPC,202,2.02,entry,2.9450504281970424,4.629469447332291,8.536772164658975
primary,bias,bias_pct_5,,2028,59030,C3_arbitration_MPC,202,2.02,entry,3.3275389533957096,4.538184176815527,9.799416261069476
primary,combined_bias_load,combined_bias_pct_15_load_Nm_0.1,,2026,59026,C3_arbitration_MPC,302,3.02,entry,9.456213799755666,9.296387559812594,28.31252522894816
primary,combined_bias_load,combined_bias_pct_15_load_Nm_0.1,,2026,59027,C3_arbitration_MPC,302,3.02,entry,9.855546860390135,9.545013910897353,29.66387642562268
primary,combined_bias_load,combined_bias_pct_15_load_Nm_0.1,,2026,59028,C3_arbitration_MPC,302,3.02,entry,9.309125420743385,8.722180131075625,28.524886425884812
primary,combined_bias_load,combined_bias_pct_15_load_Nm_0.1,,2026,59029,C3_arbitration_MPC,302,3.02,entry,9.852646097861594,9.243620344459245,29.42348391743212
primary,combined_bias_load,combined_bias_pct_15_load_Nm_0.1,,2026,59030,C3_arbitration_MPC,50,0.5,entry,0.05629739013123469,-3.9695395312190946,1.8314012503204462
primary,combined_bias_load,combined_bias_pct_15_load_Nm_0.1,,2027,59026,C3_arbitration_MPC,87,0.87,entry,6.732220998929044,6.866344439074986,13.971120063437493
primary,combined_bias_load,combined_bias_pct_15_load_Nm_0.1,,2027,59027,C3_arbitration_MPC,48,0.48,entry,0.9876360711057721,1.470402811343451,3.413989507632129
primary,combined_bias_load,combined_bias_pct_15_load_Nm_0.1,,2027,59028,C3_arbitration_MPC,302,3.02,entry,9.347764293925025,8.388352655204343,28.512677126527958
primary,combined_bias_load,combined_bias_pct_15_load_Nm_0.1,,2027,59029,C3_arbitration_MPC,203,2.0300000000000002,entry,0.00214458393900685,-0.04657289133007936,1.4349936043260705
primary,combined_bias_load,combined_bias_pct_15_load_Nm_0.1,,2027,59030,C3_arbitration_MPC,61,0.61,entry,0.12133364374157196,1.193423385892526,1.4594749964490177
primary,combined_bias_load,combined_bias_pct_15_load_Nm_0.1,,2028,59026,C3_arbitration_MPC,302,3.02,entry,9.4871136611725,8.905720457242595,28.43086495154455
primary,combined_bias_load,combined_bias_pct_15_load_Nm_0.1,,2028,59027,C3_arbitration_MPC,302,3.02,entry,9.785582425240044,8.64965797776155,29.478677487517324
primary,combined_bias_load,combined_bias_pct_15_load_Nm_0.1,,2028,59028,C3_arbitration_MPC,302,3.02,entry,9.269963575658409,8.699338532841509,28.44881287364543
primary,combined_bias_load,combined_bias_pct_15_load_Nm_0.1,,2028,59029,C3_arbitration_MPC,302,3.02,entry,9.819527610334355,9.103816722082179,29.332651127399387
primary,combined_bias_load,combined_bias_pct_15_load_Nm_0.1,,2028,59030,C3_arbitration_MPC,302,3.02,entry,9.952276090039888,9.289866243024314,29.979175187997466
primary,combined_bias_load,combined_bias_pct_15_load_Nm_0.15,,2026,59026,C3_arbitration_MPC,302,3.02,entry,9.35642657724842,9.19674872646744,28.162789621457584
primary,combined_bias_load,combined_bias_pct_15_load_Nm_0.15,,2026,59027,C3_arbitration_MPC,302,3.02,entry,9.755759637882889,9.445388640002498,29.514140818132102
primary,combined_bias_load,combined_bias_pct_15_load_Nm_0.15,,2026,59028,C3_arbitration_MPC,302,3.02,entry,9.20933819823614,8.622540499939277,28.375150818394236
primary,combined_bias_load,combined_bias_pct_15_load_Nm_0.15,,2026,59029,C3_arbitration_MPC,302,3.02,entry,9.752858875354349,9.1439791177405,29.273748309941542
primary,combined_bias_load,combined_bias_pct_15_load_Nm_0.15,,2026,59030,C3_arbitration_MPC,50,0.5,entry,0.05629739013123469,-3.9695395312190946,1.8314012503204462
primary,combined_bias_load,combined_bias_pct_15_load_Nm_0.15,,2027,59026,C3_arbitration_MPC,87,0.87,entry,6.732220998929044,6.866344439074986,13.971120063437493
primary,combined_bias_load,combined_bias_pct_15_load_Nm_0.15,,2027,59027,C3_arbitration_MPC,48,0.48,entry,0.9876360711057721,1.470402811343451,3.413989507632129
primary,combined_bias_load,combined_bias_pct_15_load_Nm_0.15,,2027,59028,C3_arbitration_MPC,302,3.02,entry,9.247977071417779,8.288781634110677,28.36294151903738
primary,combined_bias_load,combined_bias_pct_15_load_Nm_0.15,,2027,59029,C3_arbitration_MPC,203,2.0300000000000002,entry,0.00214458393900685,-0.04657289133007936,1.4349936043260705
primary,combined_bias_load,combined_bias_pct_15_load_Nm_0.15,,2027,59030,C3_arbitration_MPC,61,0.61,entry,0.12133364374157196,1.193423385892526,1.4594749964490177
primary,combined_bias_load,combined_bias_pct_15_load_Nm_0.15,,2028,59026,C3_arbitration_MPC,302,3.02,entry,9.38732643866524,8.806111142171602,28.28112934405395
primary,combined_bias_load,combined_bias_pct_15_load_Nm_0.15,,2028,59027,C3_arbitration_MPC,302,3.02,entry,9.685795202732791,8.550050258272954,29.328941880026733
primary,combined_bias_load,combined_bias_pct_15_load_Nm_0.15,,2028,59028,C3_arbitration_MPC,302,3.02,entry,9.170176353151163,8.59973081335292,28.299077266154853
primary,combined_bias_load,combined_bias_pct_15_load_Nm_0.15,,2028,59029,C3_arbitration_MPC,302,3.02,entry,9.719740387827102,9.004208204802389,29.182915519908796
primary,combined_bias_load,combined_bias_pct_15_load_Nm_0.15,,2028,59030,C3_arbitration_MPC,302,3.02,entry,9.852488867532635,9.190260916909303,29.829439580506875
primary,combined_bias_load,combined_bias_pct_5_load_Nm_0.1,,2026,59026,C3_arbitration_MPC,302,3.02,entry,2.932776299755666,2.772950059812594,8.742212728948164
primary,combined_bias_load,combined_bias_pct_5_load_Nm_0.1,,2026,59027,C3_arbitration_MPC,302,3.02,entry,3.3321093603901346,3.021576410897353,10.09356392562268
primary,combined_bias_load,combined_bias_pct_5_load_Nm_0.1,,2026,59028,C3_arbitration_MPC,302,3.02,entry,2.785687920743385,2.198742631075625,8.954573925884814
primary,combined_bias_load,combined_bias_pct_5_load_Nm_0.1,,2026,59029,C3_arbitration_MPC,302,3.02,entry,3.3292085978615944,2.720182844459245,9.85317141743212
primary,combined_bias_load,combined_bias_pct_5_load_Nm_0.1,,2026,59030,C3_arbitration_MPC,50,0.5,entry,0.05629739013123469,-3.9695395312190946,1.8314012503204462
primary,combined_bias_load,combined_bias_pct_5_load_Nm_0.1,,2027,59026,C3_arbitration_MPC,87,0.87,entry,6.732220998929044,6.866344439074986,13.971120063437493
primary,combined_bias_load,combined_bias_pct_5_load_Nm_0.1,,2027,59027,C3_arbitration_MPC,48,0.48,entry,0.9876360711057721,1.470402811343451,3.413989507632129
primary,combined_bias_load,combined_bias_pct_5_load_Nm_0.1,,2027,59028,C3_arbitration_MPC,302,3.02,entry,2.8243267939250245,1.8649151552043435,8.942364626527958
primary,combined_bias_load,combined_bias_pct_5_load_Nm_0.1,,2027,59029,C3_arbitration_MPC,203,2.0300000000000002,entry,0.00214458393900685,-0.04657289133007936,1.4349936043260705
primary,combined_bias_load,combined_bias_pct_5_load_Nm_0.1,,2027,59030,C3_arbitration_MPC,61,0.61,entry,0.12133364374157196,1.193423385892526,1.4594749964490177
primary,combined_bias_load,combined_bias_pct_5_load_Nm_0.1,,2028,59026,C3_arbitration_MPC,302,3.02,entry,2.9636761611725007,2.3822829572425945,8.860552451544551
primary,combined_bias_load,combined_bias_pct_5_load_Nm_0.1,,2028,59027,C3_arbitration_MPC,302,3.02,entry,3.262144925240044,2.1262204777615494,9.908364987517329
primary,combined_bias_load,combined_bias_pct_5_load_Nm_0.1,,2028,59028,C3_arbitration_MPC,302,3.02,entry,2.7465260756584087,2.1759010328415087,8.878500373645435
primary,combined_bias_load,combined_bias_pct_5_load_Nm_0.1,,2028,59029,C3_arbitration_MPC,302,3.02,entry,3.2960901103343545,2.580379222082179,9.762338627399393
primary,combined_bias_load,combined_bias_pct_5_load_Nm_0.1,,2028,59030,C3_arbitration_MPC,302,3.02,entry,3.428838590039888,2.7664287430243135,10.408862687997468
primary,combined_bias_load,combined_bias_pct_5_load_Nm_0.15,,2026,59026,C3_arbitration_MPC,302,3.02,entry,2.8329890772484205,2.6733112264674403,8.592477121457588
primary,combined_bias_load,combined_bias_pct_5_load_Nm_0.15,,2026,59027,C3_arbitration_MPC,302,3.02,entry,3.232322137882889,2.9219511400024984,9.943828318132104
primary,combined_bias_load,combined_bias_pct_5_load_Nm_0.15,,2026,59028,C3_arbitration_MPC,302,3.02,entry,2.6859006982361393,2.0991029999392765,8.804838318394237
primary,combined_bias_load,combined_bias_pct_5_load_Nm_0.15,,2026,59029,C3_arbitration_MPC,302,3.02,entry,3.229421375354349,2.6205416177405,9.703435809941544
primary,combined_bias_load,combined_bias_pct_5_load_Nm_0.15,,2026,59030,C3_arbitration_MPC,50,0.5,entry,0.05629739013123469,-3.9695395312190946,1.8314012503204462
primary,combined_bias_load,combined_bias_pct_5_load_Nm_0.15,,2027,59026,C3_arbitration_MPC,87,0.87,entry,6.732220998929044,6.866344439074986,13.971120063437493
primary,combined_bias_load,combined_bias_pct_5_load_Nm_0.15,,2027,59027,C3_arbitration_MPC,48,0.48,entry,0.9876360711057721,1.470402811343451,3.413989507632129
primary,combined_bias_load,combined_bias_pct_5_load_Nm_0.15,,2027,59028,C3_arbitration_MPC,302,3.02,entry,2.724539571417779,1.765344134110677,8.792629019037381
primary,combined_bias_load,combined_bias_pct_5_load_Nm_0.15,,2027,59029,C3_arbitration_MPC,203,2.0300000000000002,entry,0.00214458393900685,-0.04657289133007936,1.4349936043260705
primary,combined_bias_load,combined_bias_pct_5_load_Nm_0.15,,2027,59030,C3_arbitration_MPC,61,0.61,entry,0.12133364374157196,1.193423385892526,1.4594749964490177
primary,combined_bias_load,combined_bias_pct_5_load_Nm_0.15,,2028,59026,C3_arbitration_MPC,302,3.02,entry,2.863888938665241,2.282673642171602,8.710816844053953
primary,combined_bias_load,combined_bias_pct_5_load_Nm_0.15,,2028,59027,C3_arbitration_MPC,302,3.02,entry,3.162357702732791,2.026612758272954,9.758629380026738
primary,combined_bias_load,combined_bias_pct_5_load_Nm_0.15,,2028,59028,C3_arbitration_MPC,302,3.02,entry,2.646738853151163,2.0762933133529202,8.728764766154859
primary,combined_bias_load,combined_bias_pct_5_load_Nm_0.15,,2028,59029,C3_arbitration_MPC,302,3.02,entry,3.196302887827102,2.4807707048023886,9.612603019908802
primary,combined_bias_load,combined_bias_pct_5_load_Nm_0.15,,2028,59030,C3_arbitration_MPC,302,3.02,entry,3.329051367532635,2.6668234169093026,10.259127080506877
primary,drift,drift_pct_10,,2026,59030,C3_arbitration_MPC,50,0.5,entry,0.05629739013123469,-3.9695395312190946,1.8314012503204462
primary,drift,drift_pct_10,,2027,59026,C3_arbitration_MPC,87,0.87,entry,6.732220998929044,6.866344439074986,13.971120063437493
primary,drift,drift_pct_10,,2027,59027,C3_arbitration_MPC,48,0.48,entry,0.9876360711057721,1.470402811343451,3.413989507632129
primary,drift,drift_pct_10,,2027,59029,C3_arbitration_MPC,376,3.7600000000000002,entry,0.32904588545288505,2.1943343023786497,2.0065078264497167
primary,drift,drift_pct_10,,2027,59030,C3_arbitration_MPC,61,0.61,entry,0.12133364374157196,1.193423385892526,1.4594749964490177
primary,drift,drift_pct_15,,2026,59029,C3_arbitration_MPC,428,4.28,entry,3.1129930871658615,5.001024929097923,5.3724190679180115
primary,drift,drift_pct_15,,2026,59030,C3_arbitration_MPC,50,0.5,entry,0.05629739013123469,-3.9695395312190946,1.8314012503204462
primary,drift,drift_pct_15,,2027,59026,C3_arbitration_MPC,87,0.87,entry,6.732220998929044,6.866344439074986,13.971120063437493
primary,drift,drift_pct_15,,2027,59027,C3_arbitration_MPC,48,0.48,entry,0.9876360711057721,1.470402811343451,3.413989507632129
primary,drift,drift_pct_15,,2027,59029,C3_arbitration_MPC,376,3.7600000000000002,entry,0.34535688805966913,3.4780593513840046,2.071875299285235
primary,drift,drift_pct_15,,2027,59030,C3_arbitration_MPC,61,0.61,entry,0.12133364374157196,1.193423385892526,1.4594749964490177
primary,drift,drift_pct_2.5,,2026,59030,C3_arbitration_MPC,50,0.5,entry,0.05629739013123469,-3.9695395312190946,1.8314012503204462
primary,drift,drift_pct_2.5,,2027,59026,C3_arbitration_MPC,87,0.87,entry,6.732220998929044,6.866344439074986,13.971120063437493
primary,drift,drift_pct_2.5,,2027,59027,C3_arbitration_MPC,48,0.48,entry,0.9876360711057721,1.470402811343451,3.413989507632129
primary,drift,drift_pct_2.5,,2027,59029,C3_arbitration_MPC,203,2.0300000000000002,entry,0.006346091507367646,-0.03434144601757794,1.4185606514452083
primary,drift,drift_pct_2.5,,2027,59029,C3_arbitration_MPC,209,2.09,recovery,-0.33469255714372537,-0.6561682035381722,1.2744636943737113
primary,drift,drift_pct_2.5,,2027,59029,C3_arbitration_MPC,376,3.7600000000000002,entry,0.3041759598000411,0.26918951089962206,1.9063865465206398
primary,drift,drift_pct_2.5,,2027,59030,C3_arbitration_MPC,61,0.61,entry,0.12133364374157196,1.193423385892526,1.4594749964490177
primary,drift,drift_pct_5,,2026,59030,C3_arbitration_MPC,50,0.5,entry,0.05629739013123469,-3.9695395312190946,1.8314012503204462
primary,drift,drift_pct_5,,2027,59026,C3_arbitration_MPC,87,0.87,entry,6.732220998929044,6.866344439074986,13.971120063437493
primary,drift,drift_pct_5,,2027,59027,C3_arbitration_MPC,48,0.48,entry,0.9876360711057721,1.470402811343451,3.413989507632129
primary,drift,drift_pct_5,,2027,59029,C3_arbitration_MPC,203,2.0300000000000002,entry,0.010551413772994067,-0.022110000705076516,1.4021238838670875
primary,drift,drift_pct_5,,2027,59029,C3_arbitration_MPC,209,2.09,recovery,-0.3057591906247552,-0.6188599883792776,1.145879302120246
primary,drift,drift_pct_5,,2027,59029,C3_arbitration_MPC,376,3.7600000000000002,entry,0.3125718858586879,0.9198637131466398,1.941124354482131
primary,drift,drift_pct_5,,2027,59030,C3_arbitration_MPC,61,0.61,entry,0.12133364374157196,1.193423385892526,1.4594749964490177
primary,dropout,dropout_s_0.1,,2026,59026,C3_arbitration_MPC,202,2.02,entry,-35.31041717529297,-33.896563382139526,105.31476344659042
primary,dropout,dropout_s_0.1,,2026,59027,C3_arbitration_MPC,202,2.02,entry,-35.28600311279297,-33.27290347921288,105.1484395432155
primary,dropout,dropout_s_0.1,,2026,59028,C3_arbitration_MPC,202,2.02,entry,-34.97425842285156,-33.86135925012078,104.29375590874862
primary,dropout,dropout_s_0.1,,2026,59029,C3_arbitration_MPC,202,2.02,entry,-35.577239990234375,-33.25923891164162,105.904199023983
primary,dropout,dropout_s_0.1,,2026,59030,C3_arbitration_MPC,50,0.5,entry,0.05629739013123469,-3.9695395312190946,1.8314012503204462
primary,dropout,dropout_s_0.1,,2027,59026,C3_arbitration_MPC,87,0.87,entry,6.732220998929044,6.866344439074986,13.971120063437493
primary,dropout,dropout_s_0.1,,2027,59027,C3_arbitration_MPC,48,0.48,entry,0.9876360711057721,1.470402811343451,3.413989507632129
primary,dropout,dropout_s_0.1,,2027,59028,C3_arbitration_MPC,202,2.02,entry,-33.90851974487305,-33.60384661293096,101.03179467431102
primary,dropout,dropout_s_0.1,,2027,59029,C3_arbitration_MPC,202,2.02,entry,-34.54405212402344,-34.08685054326041,102.95345223656687
primary,dropout,dropout_s_0.1,,2027,59030,C3_arbitration_MPC,61,0.61,entry,0.12133364374157196,1.193423385892526,1.4594749964490177
primary,dropout,dropout_s_0.1,,2028,59026,C3_arbitration_MPC,202,2.02,entry,-35.2241325378418,-34.29240742783494,105.07014956482337
primary,dropout,dropout_s_0.1,,2028,59027,C3_arbitration_MPC,202,2.02,entry,-34.97431945800781,-33.35544076222094,104.13536944397376
primary,dropout,dropout_s_0.1,,2028,59028,C3_arbitration_MPC,202,2.02,entry,-34.997596740722656,-34.3239512938555,104.40521349914954
primary,dropout,dropout_s_0.1,,2028,59029,C3_arbitration_MPC,202,2.02,entry,-35.282073974609375,-33.59765495547413,105.03363909729407
primary,dropout,dropout_s_0.1,,2028,59030,C3_arbitration_MPC,202,2.02,entry,-34.66624069213867,-33.455595468718855,103.29448046692298
primary,dropout,dropout_s_0.5,,2026,59026,C3_arbitration_MPC,202,2.02,entry,-35.31041717529297,-33.896563382139526,105.31476344659042
primary,dropout,dropout_s_0.5,,2026,59027,C3_arbitration_MPC,202,2.02,entry,-35.28600311279297,-33.27290347921288,105.1484395432155
primary,dropout,dropout_s_0.5,,2026,59028,C3_arbitration_MPC,202,2.02,entry,-34.97425842285156,-33.86135925012078,104.29375590874862
primary,dropout,dropout_s_0.5,,2026,59029,C3_arbitration_MPC,202,2.02,entry,-35.577239990234375,-33.25923891164162,105.904199023983
primary,dropout,dropout_s_0.5,,2026,59030,C3_arbitration_MPC,50,0.5,entry,0.05629739013123469,-3.9695395312190946,1.8314012503204462
primary,dropout,dropout_s_0.5,,2027,59026,C3_arbitration_MPC,87,0.87,entry,6.732220998929044,6.866344439074986,13.971120063437493
primary,dropout,dropout_s_0.5,,2027,59027,C3_arbitration_MPC,48,0.48,entry,0.9876360711057721,1.470402811343451,3.413989507632129
primary,dropout,dropout_s_0.5,,2027,59028,C3_arbitration_MPC,202,2.02,entry,-33.90851974487305,-33.60384661293096,101.03179467431102
primary,dropout,dropout_s_0.5,,2027,59029,C3_arbitration_MPC,202,2.02,entry,-34.54405212402344,-34.08685054326041,102.95345223656687
primary,dropout,dropout_s_0.5,,2027,59030,C3_arbitration_MPC,61,0.61,entry,0.12133364374157196,1.193423385892526,1.4594749964490177
primary,dropout,dropout_s_0.5,,2028,59026,C3_arbitration_MPC,202,2.02,entry,-35.2241325378418,-34.29240742783494,105.07014956482337
primary,dropout,dropout_s_0.5,,2028,59027,C3_arbitration_MPC,202,2.02,entry,-34.97431945800781,-33.35544076222094,104.13536944397376
primary,dropout,dropout_s_0.5,,2028,59028,C3_arbitration_MPC,202,2.02,entry,-34.997596740722656,-34.3239512938555,104.40521349914954
primary,dropout,dropout_s_0.5,,2028,59029,C3_arbitration_MPC,202,2.02,entry,-35.282073974609375,-33.59765495547413,105.03363909729407
primary,dropout,dropout_s_0.5,,2028,59030,C3_arbitration_MPC,202,2.02,entry,-34.66624069213867,-33.455595468718855,103.29448046692298
primary,dropout,dropout_s_1,,2026,59026,C3_arbitration_MPC,202,2.02,entry,-35.31041717529297,-33.896563382139526,105.31476344659042
primary,dropout,dropout_s_1,,2026,59027,C3_arbitration_MPC,202,2.02,entry,-35.28600311279297,-33.27290347921288,105.1484395432155
primary,dropout,dropout_s_1,,2026,59028,C3_arbitration_MPC,202,2.02,entry,-34.97425842285156,-33.86135925012078,104.29375590874862
primary,dropout,dropout_s_1,,2026,59029,C3_arbitration_MPC,202,2.02,entry,-35.577239990234375,-33.25923891164162,105.904199023983
primary,dropout,dropout_s_1,,2026,59030,C3_arbitration_MPC,50,0.5,entry,0.05629739013123469,-3.9695395312190946,1.8314012503204462
primary,dropout,dropout_s_1,,2027,59026,C3_arbitration_MPC,87,0.87,entry,6.732220998929044,6.866344439074986,13.971120063437493
primary,dropout,dropout_s_1,,2027,59027,C3_arbitration_MPC,48,0.48,entry,0.9876360711057721,1.470402811343451,3.413989507632129
primary,dropout,dropout_s_1,,2027,59028,C3_arbitration_MPC,202,2.02,entry,-33.90851974487305,-33.60384661293096,101.03179467431102
primary,dropout,dropout_s_1,,2027,59029,C3_arbitration_MPC,202,2.02,entry,-34.54405212402344,-34.08685054326041,102.95345223656687
primary,dropout,dropout_s_1,,2027,59030,C3_arbitration_MPC,61,0.61,entry,0.12133364374157196,1.193423385892526,1.4594749964490177
primary,dropout,dropout_s_1,,2028,59026,C3_arbitration_MPC,202,2.02,entry,-35.2241325378418,-34.29240742783494,105.07014956482337
primary,dropout,dropout_s_1,,2028,59027,C3_arbitration_MPC,202,2.02,entry,-34.97431945800781,-33.35544076222094,104.13536944397376
primary,dropout,dropout_s_1,,2028,59028,C3_arbitration_MPC,202,2.02,entry,-34.997596740722656,-34.3239512938555,104.40521349914954
primary,dropout,dropout_s_1,,2028,59029,C3_arbitration_MPC,202,2.02,entry,-35.282073974609375,-33.59765495547413,105.03363909729407
primary,dropout,dropout_s_1,,2028,59030,C3_arbitration_MPC,202,2.02,entry,-34.66624069213867,-33.455595468718855,103.29448046692298
primary,dropout,dropout_s_2,,2026,59026,C3_arbitration_MPC,202,2.02,entry,-35.31041717529297,-33.896563382139526,105.31476344659042
primary,dropout,dropout_s_2,,2026,59027,C3_arbitration_MPC,202,2.02,entry,-35.28600311279297,-33.27290347921288,105.1484395432155
primary,dropout,dropout_s_2,,2026,59028,C3_arbitration_MPC,202,2.02,entry,-34.97425842285156,-33.86135925012078,104.29375590874862
primary,dropout,dropout_s_2,,2026,59029,C3_arbitration_MPC,202,2.02,entry,-35.577239990234375,-33.25923891164162,105.904199023983
primary,dropout,dropout_s_2,,2026,59030,C3_arbitration_MPC,50,0.5,entry,0.05629739013123469,-3.9695395312190946,1.8314012503204462
primary,dropout,dropout_s_2,,2027,59026,C3_arbitration_MPC,87,0.87,entry,6.732220998929044,6.866344439074986,13.971120063437493
primary,dropout,dropout_s_2,,2027,59027,C3_arbitration_MPC,48,0.48,entry,0.9876360711057721,1.470402811343451,3.413989507632129
primary,dropout,dropout_s_2,,2027,59028,C3_arbitration_MPC,202,2.02,entry,-33.90851974487305,-33.60384661293096,101.03179467431102
primary,dropout,dropout_s_2,,2027,59029,C3_arbitration_MPC,202,2.02,entry,-34.54405212402344,-34.08685054326041,102.95345223656687
primary,dropout,dropout_s_2,,2027,59030,C3_arbitration_MPC,61,0.61,entry,0.12133364374157196,1.193423385892526,1.4594749964490177
primary,dropout,dropout_s_2,,2028,59026,C3_arbitration_MPC,202,2.02,entry,-35.2241325378418,-34.29240742783494,105.07014956482337
primary,dropout,dropout_s_2,,2028,59027,C3_arbitration_MPC,202,2.02,entry,-34.97431945800781,-33.35544076222094,104.13536944397376
primary,dropout,dropout_s_2,,2028,59028,C3_arbitration_MPC,202,2.02,entry,-34.997596740722656,-34.3239512938555,104.40521349914954
primary,dropout,dropout_s_2,,2028,59029,C3_arbitration_MPC,202,2.02,entry,-35.282073974609375,-33.59765495547413,105.03363909729407
primary,dropout,dropout_s_2,,2028,59030,C3_arbitration_MPC,202,2.02,entry,-34.66624069213867,-33.455595468718855,103.29448046692298
primary,load,load_Nm_0.06,,2026,59030,C3_arbitration_MPC,50,0.5,entry,0.05629739013123469,-3.9695395312190946,1.8314012503204462
primary,load,load_Nm_0.06,,2027,59026,C3_arbitration_MPC,87,0.87,entry,6.732220998929044,6.866344439074986,13.971120063437493
primary,load,load_Nm_0.06,,2027,59027,C3_arbitration_MPC,48,0.48,entry,0.9876360711057721,1.470402811343451,3.413989507632129
primary,load,load_Nm_0.06,,2027,59029,C3_arbitration_MPC,203,2.0300000000000002,entry,0.00214458393900685,-0.04657289133007936,1.4349936043260705
primary,load,load_Nm_0.06,,2027,59030,C3_arbitration_MPC,61,0.61,entry,0.12133364374157196,1.193423385892526,1.4594749964490177
primary,load,load_Nm_0.1,,2026,59030,C3_arbitration_MPC,50,0.5,entry,0.05629739013123469,-3.9695395312190946,1.8314012503204462
primary,load,load_Nm_0.1,,2027,59026,C3_arbitration_MPC,87,0.87,entry,6.732220998929044,6.866344439074986,13.971120063437493
primary,load,load_Nm_0.1,,2027,59027,C3_arbitration_MPC,48,0.48,entry,0.9876360711057721,1.470402811343451,3.413989507632129
primary,load,load_Nm_0.1,,2027,59029,C3_arbitration_MPC,203,2.0300000000000002,entry,0.00214458393900685,-0.04657289133007936,1.4349936043260705
primary,load,load_Nm_0.1,,2027,59030,C3_arbitration_MPC,61,0.61,entry,0.12133364374157196,1.193423385892526,1.4594749964490177
primary,load,load_Nm_0.15,,2026,59026,C3_arbitration_MPC,309,3.09,entry,-0.42863471975222467,-2.01394644184478,1.8965203001304711
primary,load,load_Nm_0.15,,2026,59026,C3_arbitration_MPC,317,3.17,recovery,-0.29034018220946933,-1.1236871342148476,1.537723066710215
primary,load,load_Nm_0.15,,2026,59030,C3_arbitration_MPC,50,0.5,entry,0.05629739013123469,-3.9695395312190946,1.8314012503204462
primary,load,load_Nm_0.15,,2027,59026,C3_arbitration_MPC,87,0.87,entry,6.732220998929044,6.866344439074986,13.971120063437493
primary,load,load_Nm_0.15,,2027,59027,C3_arbitration_MPC,48,0.48,entry,0.9876360711057721,1.470402811343451,3.413989507632129
primary,load,load_Nm_0.15,,2027,59028,C3_arbitration_MPC,391,3.91,entry,-0.5594143399564615,-2.074295336645406,1.7875964868450254
primary,load,load_Nm_0.15,,2027,59029,C3_arbitration_MPC,203,2.0300000000000002,entry,0.00214458393900685,-0.04657289133007936,1.4349936043260705
primary,load,load_Nm_0.15,,2027,59030,C3_arbitration_MPC,61,0.61,entry,0.12133364374157196,1.193423385892526,1.4594749964490177
primary,load,load_Nm_0.15,,2028,59026,C3_arbitration_MPC,309,3.09,entry,-0.7888839884254111,-2.0756961868060273,3.9339890825337682
primary,load,load_Nm_0.15,,2028,59030,C3_arbitration_MPC,311,3.11,entry,-0.8009250363538598,-1.8075057593348731,3.0312870006077737
primary,load,load_Nm_0.2,,2026,59026,C3_arbitration_MPC,305,3.0500000000000003,entry,-0.5207707371014223,-1.4190112243589184,2.4472892751992106
primary,load,load_Nm_0.2,,2026,59027,C3_arbitration_MPC,311,3.11,entry,0.3980875948299527,-0.7991595305611199,1.586190310599063
primary,load,load_Nm_0.2,,2026,59028,C3_arbitration_MPC,315,3.15,entry,0.3058016663582279,-1.5267017776816374,1.7612449624822515
primary,load,load_Nm_0.2,,2026,59028,C3_arbitration_MPC,320,3.2,recovery,-0.13004089930964113,-2.1330431410975947,0.9073445874870667
primary,load,load_Nm_0.2,,2026,59028,C3_arbitration_MPC,392,3.92,entry,-0.007890652835889966,-1.6816624389175985,2.0585022697158184
primary,load,load_Nm_0.2,,2026,59029,C3_arbitration_MPC,312,3.12,entry,-0.0867496584932752,-1.309727693296736,1.5997887345528492
primary,load,load_Nm_0.2,,2026,59030,C3_arbitration_MPC,50,0.5,entry,0.05629739013123469,-3.9695395312190946,1.8314012503204462
primary,load,load_Nm_0.2,,2027,59026,C3_arbitration_MPC,87,0.87,entry,6.732220998929044,6.866344439074986,13.971120063437493
primary,load,load_Nm_0.2,,2027,59027,C3_arbitration_MPC,48,0.48,entry,0.9876360711057721,1.470402811343451,3.413989507632129
primary,load,load_Nm_0.2,,2027,59028,C3_arbitration_MPC,346,3.46,entry,-0.12567453416489727,0.5291844490708186,1.5015505545939605
primary,load,load_Nm_0.2,,2027,59029,C3_arbitration_MPC,203,2.0300000000000002,entry,0.00214458393900685,-0.04657289133007936,1.4349936043260705
primary,load,load_Nm_0.2,,2027,59030,C3_arbitration_MPC,61,0.61,entry,0.12133364374157196,1.193423385892526,1.4594749964490177
primary,load,load_Nm_0.2,,2028,59026,C3_arbitration_MPC,307,3.0700000000000003,entry,-1.098263522835623,-2.4019092839182647,3.8128182150487313
primary,load,load_Nm_0.2,,2028,59027,C3_arbitration_MPC,314,3.14,entry,-0.10421100368967018,-1.4309010867601941,2.377770090458022
primary,load,load_Nm_0.2,,2028,59028,C3_arbitration_MPC,313,3.13,entry,-0.9064631248622206,-2.1502208562423704,3.2244926689626285
primary,load,load_Nm_0.2,,2028,59029,C3_arbitration_MPC,312,3.12,entry,-0.2053809637698052,-1.7616341627898606,2.4239225234757957
primary,load,load_Nm_0.2,,2028,59030,C3_arbitration_MPC,309,3.09,entry,-0.7926774582735945,-1.920620246187596,3.470988120648183
