controller,scenario,repetitions,RMSE,MAE,IAE,ISE,max_abs_error,overshoot_percent,settling_time_s,recovery_time_s,fault_interval_RMSE,fault_interval_IAE,fault_interval_ISE,fault_interval_peak_error,control_effort_sum_u2,control_variation_sum_du2,constraint_violations,voltage_violations,rate_violations,nonfinite_events,optimizer_failures,average_solve_ms,p95_solve_ms,max_solve_ms,tail_oscillation,sensor_substitution_rate,medium_mode_fraction,high_mode_fraction,safety_events,RMSE_std,MAE_std,IAE_std,ISE_std,max_abs_error_std,overshoot_percent_std,settling_time_s_std,recovery_time_s_std,fault_interval_RMSE_std,fault_interval_IAE_std,fault_interval_ISE_std,fault_interval_peak_error_std,control_effort_sum_u2_std,control_variation_sum_du2_std,constraint_violations_std,voltage_violations_std,rate_violations_std,nonfinite_events_std,optimizer_failures_std,average_solve_ms_std,p95_solve_ms_std,max_solve_ms_std,tail_oscillation_std,sensor_substitution_rate_std,medium_mode_fraction_std,high_mode_fraction_std,safety_events_std
A_PI,bias_15,5,12.891903429058436,9.289520697963823,55.65451956518781,992.7451896327641,35.062866971588775,19.066119240028957,4.768,0.7680000000000001,10.804765656521983,19.401673506720616,232.89393625894053,14.90259691810158,5899.4392960582745,39.68834491148154,0.0,0.0,0.0,0.0,0.0,0.0,0.0,0.0,4.062452569062562,0.0,0.0,0.0,0.0,0.01575179492182514,0.01068846944940367,0.06431133631704583,2.4399621513252523,0.0,0.2211633360174395,0.5154803585006903,0.5154803585006902,0.07634348828400654,0.12672419991576028,3.293795872609777,0.14627763327931592,13.80607671966076,0.7837876083887723,0.0,0.0,0.0,0.0,0.0,0.0,0.0,0.0,0.12139022860273321,0.0,0.0,0.0,0.0
A_PI,bias_5,5,11.435700254285315,6.818137786041777,40.79997017437439,779.8341271577613,35.062866971588775,18.9576231235075,4.164,0.16400000000000006,4.994711227802247,9.139798545074095,49.722554303986314,7.143120458672849,5874.187234236049,30.113235535091764,0.0,0.0,0.0,0.0,0.0,0.0,0.0,0.0,2.091306297325933,0.0,0.0,0.0,0.0,0.01317234503214805,0.020589021134481123,0.12364880458802065,1.8093733632455757,0.0,0.0709273977572714,0.01140175425099112,0.011401754250991138,0.031490101165994856,0.05372737520442016,0.6276353547736586,0.06313456663202931,9.077622588016974,0.7317518887270935,0.0,0.0,0.0,0.0,0.0,0.0,0.0,0.0,0.19532935538464502,0.0,0.0,0.0,0.0
A_PI,changing_reference,5,9.705788057104641,7.736266487122879,46.39345101802706,564.1614575303463,20.062866971588775,52.26347051871835,,,9.705788057104641,46.39345101802706,564.1614575303463,20.062866971588775,5734.647692844535,43.95532675724045,0.0,0.0,0.0,0.0,0.0,0.0,0.0,0.0,5.603548563071653,0.0,0.0,0.0,0.0,0.03532537231761714,0.03616456314212259,0.21717568877491802,4.122374812629355,0.0,0.3565436371591268,,,0.03532537231761714,0.21717568877491802,4.122374812629355,0.0,7.40958541130114,0.49257620275379754,0.0,0.0,0.0,0.0,0.0,0.0,0.0,0.0,0.0907010048268669,0.0,0.0,0.0,0.0
A_PI,combined_fault_load,5,11.569400936703932,7.354199464689737,44.00577064154148,798.2563140071554,35.062866971588775,18.934167719514786,2.322,1.7580000000000002,4.649877802167022,12.237556627167908,64.97984183449621,7.897444146481372,7555.971716133829,28.15995935673815,0.0,0.0,0.0,0.0,0.0,0.0,0.0,0.0,2.243294915857214,0.0,0.0,0.0,0.0,0.015544940464971835,0.03937327371102096,0.23674998828915148,2.1621282330175555,0.0,0.2767157853072106,0.004472135954999633,0.03633180424916991,0.03623991600865977,0.14369725656777005,1.0141608649088276,0.06842452407315389,6.853081157735492,0.5250066503168483,0.0,0.0,0.0,0.0,0.0,0.0,0.0,0.0,0.16269270475818753,0.0,0.0,0.0,0.0
A_PI,load_disturbance,5,11.283540683215893,6.437026721913544,38.50824698883978,759.0564110391211,35.062866971588775,19.100718474307325,2.328,1.076,2.872390514225463,6.6714614042504135,24.79647640266441,5.665898260272843,8176.688163178919,27.449726707264034,0.0,0.0,0.0,0.0,0.0,0.0,0.0,0.0,2.4560730196821026,0.0,0.0,0.0,0.0,0.011987985926114088,0.025337627632191648,0.1520331231495955,1.626207105668805,0.0,0.17052696837192477,0.010954451150103387,0.008944271909998983,0.03363681568050565,0.12033851292989341,0.5788939846181425,0.051087352235121695,11.034138258511991,0.25976611364652546,0.0,0.0,0.0,0.0,0.0,0.0,0.0,0.0,0.1897394525221258,0.0,0.0,0.0,0.0
A_PI,nominal_tracking,5,11.134484365088007,5.761499914885436,34.450273437091404,738.975301365021,35.062866971588775,19.102676087354403,2.332,2.332,11.134484365088007,34.450273437091404,738.975301365021,35.062866971588775,5985.220058966276,25.952540591308768,0.0,0.0,0.0,0.0,0.0,0.0,0.0,0.0,0.6616999079636343,0.0,0.0,0.0,0.0,0.00983926277120895,0.015602371711601112,0.09342129962128501,1.3166643385075982,0.0,0.16342444593423314,0.008366600265340656,0.008366600265340656,0.00983926277120895,0.09342129962128501,1.3166643385075982,0.0,5.825341351641672,0.20841445762355978,0.0,0.0,0.0,0.0,0.0,0.0,0.0,0.0,0.07775260731030212,0.0,0.0,0.0,0.0
A_PI,parameter_variation,5,11.200798782446714,6.178183195669047,36.95286185326179,747.8756024462602,35.062866971588775,19.14953790528179,2.332,1.2080000000000002,2.090135968146905,5.077411559686429,13.112627103439655,3.647582105624984,7821.639856433675,26.538338785257338,0.0,0.0,0.0,0.0,0.0,0.0,0.0,0.0,0.3824552920333801,0.0,0.0,0.0,0.0,0.010075057348506708,0.02396779753467525,0.14414171437384662,1.3563952205677927,0.0,0.2064816171096847,0.004472135954999472,0.01788854381999821,0.039161493533309354,0.08161814395023345,0.49005487592427804,0.06639246870544621,12.211866730612776,0.6326615368199515,0.0,0.0,0.0,0.0,0.0,0.0,0.0,0.0,0.0530749093078821,0.0,0.0,0.0,0.0
A_PI,sensor_drift,5,11.887978531868953,8.235258510924217,49.272700786125476,842.8069055881572,35.062866971588775,19.16031896933251,2.318,0.3179999999999999,5.362969319626841,19.647589317510345,114.77668802044892,9.24057290581265,5048.972686592948,26.02072205056395,0.0,0.0,0.0,0.0,0.0,0.0,0.0,0.0,2.9509412034671163,0.0,0.0,0.0,0.0,0.01739545117544024,0.03303950078040383,0.1981027179711105,2.4766390210493556,0.0,0.25693773613148113,0.0044721359549995034,0.004472135954999479,0.05517827405005665,0.17644831763632832,2.365547123450628,0.11198614470932154,6.131913160865911,0.45645869053028226,0.0,0.0,0.0,0.0,0.0,0.0,0.0,0.0,0.12518123954407756,0.0,0.0,0.0,0.0
A_PI,sensor_dropout,5,19.127474321900074,15.56450892484061,93.34199557009707,2192.56769606684,35.062866971588775,94.26106728526376,,,20.005464864901835,35.13257294600301,795.1323176766375,32.15854986334689,9712.485204347837,65.83175066261826,0.0,0.0,0.0,0.0,0.0,0.0,0.0,0.0,13.278240103244661,0.0,0.0,0.0,0.0,0.03095171026508959,0.049535775123991994,0.29737980671299163,7.112273432911552,0.0,0.08044125541183732,,,0.05154980878070618,0.14523173235420775,4.106566097631209,0.031867048950160466,15.57566658967587,0.21487162719750952,0.0,0.0,0.0,0.0,0.0,0.0,0.0,0.0,0.10473247964041754,0.0,0.0,0.0,0.0
A_PI,sensor_noise,5,11.124370671116775,5.709201448484681,34.13600482865159,737.624883748643,35.062866971588775,19.183325957537477,2.348,0.10400000000000009,2.1371884010000226,3.465517618911177,9.072908943092646,5.321345657697952,6021.753058456144,61.45579904246665,0.0,0.0,0.0,0.0,0.0,0.0,0.0,0.0,0.5861088466829685,0.0,0.0,0.0,0.0,0.02540579382059376,0.2218976657492171,1.3329132554333418,3.3987756175097315,0.0,0.3449089433804876,0.02049390153191918,0.23255106965997835,0.2313688382767181,0.5811034479837689,1.9342837469350767,0.09017153052749229,51.76699072435435,8.011014855121154,0.0,0.0,0.0,0.0,0.0,0.0,0.0,0.0,0.38141687675516334,0.0,0.0,0.0,0.0
A_PI,step_reference,5,7.20250527622778,4.64235938445762,27.79847258073597,309.7749780494703,20.062866971588775,10.159701639346384,0.8560000000000001,0.8560000000000001,7.20250527622778,27.79847258073597,309.7749780494703,20.062866971588775,6157.745958331606,27.888940256334898,0.0,0.0,0.0,0.0,0.0,0.0,0.0,0.0,0.8649095969240506,0.0,0.0,0.0,0.0,0.011687178291432907,0.017680788104817702,0.10627833944335122,1.0116318758574971,0.0,0.22920142535704577,0.00894427190999915,0.00894427190999915,0.011687178291432907,0.10627833944335122,1.0116318758574971,0.0,5.122220352698662,0.5095817129728367,0.0,0.0,0.0,0.0,0.0,0.0,0.0,0.0,0.03735184170266188,0.0,0.0,0.0,0.0
B_plain_MPC,bias_15,5,11.86293485229072,7.395916839585686,44.273807714957925,839.6641547616839,35.06286697159158,8.438398486601901,1.558,0.6380000000000001,7.682114952070643,13.701104930350965,117.69590268702518,10.37327951681282,6677.531792571186,230.44496654516328,0.0,0.0,0.0,0.0,0.0,62.458717355250634,120.71641999937128,160.66829999908805,1.480255432696771,0.0,0.0,0.0,0.0,0.0371120926055317,0.08290307747409667,0.4981664924378208,5.291884312674429,4.843683108707224e-12,0.9554706509663812,0.03420526275297417,0.20849460424672878,0.19297608977632671,0.5983402924820059,5.914721386760459,0.3629722734421767,179.71081616979143,19.187122068208577,0.0,0.0,0.0,0.0,0.0,15.123676136834243,30.47455467294617,53.25787321259821,0.5777236505422308,0.0,0.0,0.0,0.0
B_plain_MPC,bias_5,5,10.946277991773842,5.48069938315525,32.76280401688028,713.9993214198855,35.0628669715898,8.18551824832583,1.54,0.2039999999999999,2.8147634607562955,5.16399633257807,15.80219847285855,4.134520214947782,6550.104917203583,220.14518380482113,0.0,0.0,0.0,0.0,0.0,76.01255107450218,135.43655999819748,185.01752000156557,0.5629816445507757,0.0,0.0,0.0,0.0,0.009223361658437816,0.03629090731619144,0.2178947385040887,1.2136217880990197,1.1271568550844135e-12,2.1166474450342116,0.08000000000000007,0.020736441353327646,0.049264228243465415,0.09783637431175513,0.5566362991402779,0.2525130827648366,93.9877837379923,13.079320144664852,0.0,0.0,0.0,0.0,0.0,18.667346106512706,30.230642866589662,66.84420427224431,0.22857877504732876,0.0,0.0,0.0,0.0
B_plain_MPC,changing_reference,5,7.2117225382416,4.258956613553825,25.495649227999913,310.5805867662963,20.109645655078655,36.257458896932306,0.7440000000000001,0.7440000000000001,7.2117225382416,25.495649227999913,310.5805867662963,20.109645655078655,6661.145104881219,220.18225933539807,0.0,0.0,0.0,0.0,0.0,63.47777157039853,124.98188000172377,162.8104400006123,1.7398252449494387,0.0,0.0,0.0,0.0,0.037992975870862186,0.054237589049642494,0.32600272491331544,3.2974445945241304,0.1046003161808491,1.3170884989696698,0.03507135583350019,0.03507135583350019,0.037992975870862186,0.32600272491331544,3.2974445945241304,0.1046003161808491,39.35463326168836,10.213942734940447,0.0,0.0,0.0,0.0,0.0,16.231877460122337,29.5739399658804,37.54729007887487,0.3199623425245363,0.0,0.0,0.0,0.0
B_plain_MPC,combined_fault_load,5,11.222412496103813,6.473454500084079,38.7115223857951,750.7270208023747,35.062866971592086,7.96678255972598,1.538,,4.266019501082042,12.230836265263314,54.81662791501103,7.315532599523104,8001.466778644934,179.9168981463585,0.0,0.0,0.0,0.0,0.0,81.87667471059638,141.98022000055062,165.97900000051595,0.3174381847310258,0.0,0.0,0.0,0.0,0.043491823074340644,0.1085420328725808,0.6523308873472613,5.8633028125351,4.107198233332915e-12,1.0675904061071102,0.04549725266430927,,0.2134333955998191,0.4957287665865128,5.466271216659037,0.6930328291692842,96.77305170338012,10.639840796648448,0.0,0.0,0.0,0.0,0.0,14.881980145705894,25.18110563090062,22.238380266922963,0.13612949497758803,0.0,0.0,0.0,0.0
B_plain_MPC,load_disturbance,5,10.82481887812315,4.8353713086495045,28.881749773642714,698.1042571844955,35.062866971588775,7.9564441191237405,1.542,0.054000000000000006,0.8706499851620407,2.4895826350454153,2.2803428387760194,1.6973349509091846,8380.230897121453,151.29398693681023,0.0,0.0,0.0,0.0,0.0,81.45619636361366,139.1721799984225,172.7796799998032,0.41557711638083816,0.0,0.0,0.0,0.0,0.006791877426894755,0.06130033405431044,0.36856775448590495,0.8842096321070443,0.0,1.1025488439080902,0.03834057902536168,0.12074767078498866,0.026533585198334736,0.08008247154609278,0.14079525774627893,0.0981686083071181,105.72733166650194,17.193928617758328,0.0,0.0,0.0,0.0,0.0,19.79560684812826,28.522858866002796,29.57430944841591,0.10765126714290447,0.0,0.0,0.0,0.0
B_plain_MPC,nominal_tracking,5,10.807872738083542,4.492349269825121,26.82343021493574,695.9037419641784,35.06286697159267,7.972037199288698,1.538,1.538,10.807872738083542,26.82343021493574,695.9037419641784,35.06286697159267,6215.01063242454,140.85222140436503,0.0,0.0,0.0,0.0,0.0,75.48958661157613,130.62796000158414,149.13455999776488,0.49649720699349303,0.0,0.0,0.0,0.0,0.0037972111184105877,0.04600630329126117,0.27657646186716117,0.4932377924025224,2.4266724897257443e-12,0.8173798794883309,0.029495762407505288,0.029495762407505288,0.0037972111184105877,0.27657646186716117,0.4932377924025224,2.4266724897257443e-12,75.02343491496815,13.300426947158218,0.0,0.0,0.0,0.0,0.0,13.808418439551877,25.12485036248378,22.207659688890182,0.24603281678600836,0.0,0.0,0.0,0.0
B_plain_MPC,parameter_variation,5,10.821341678986684,4.791328572122908,28.617310728724256,697.6521073863425,35.062866971591625,8.546591159309372,1.56,0.0,0.6617471935236541,1.9529738052779568,1.317915764456493,0.8826866236457874,7853.021852939804,142.89256526363334,0.0,0.0,0.0,0.0,0.0,91.47733619820504,157.4570999990101,198.39952000038465,0.3317559007061647,0.0,0.0,0.0,0.0,0.0039730022786239865,0.04711256098012058,0.2829923356357804,0.5165849697555144,3.2555847708149008e-12,0.3451752069780893,0.012247448713915868,0.0,0.03222416672226415,0.09591082304611924,0.13041160567350257,0.01836170585685809,72.4278864603963,11.157363484419012,0.0,0.0,0.0,0.0,0.0,21.46244258811855,35.69538060554588,49.467351469127614,0.10032486801629077,0.0,0.0,0.0,0.0
B_plain_MPC,sensor_drift,5,11.575887343328935,7.337171735627817,43.87686379879073,798.8254600728176,35.062866971590225,8.689207249348943,1.564,0.0,5.065853833450343,17.494891886473447,102.51272801538956,8.907666466489484,5322.313658548488,147.75168527004757,0.0,0.0,0.0,0.0,0.0,81.09770033052499,142.1689199996763,195.0559200005955,2.389273223445106,0.0,0.0,0.0,0.0,0.006951408909751941,0.04658273035144627,0.27992586016486,0.9711512148330372,3.1311926205313858e-12,1.5488923054223305,0.052249401910452645,0.0,0.025052810567565992,0.141646077842534,1.0289003666648853,0.12045838766990123,98.01531894576418,13.834381566737328,0.0,0.0,0.0,0.0,0.0,17.249805492167653,33.222469947879105,52.86011793607666,0.25769661292473306,0.0,0.0,0.0,0.0
B_plain_MPC,sensor_dropout,5,27.55367595246048,23.345035836978933,139.92078164106897,4548.110109482041,41.57674783488362,118.79070809966747,1.574,,20.952198554555384,36.24206794283461,872.6599244882498,32.9832291856652,15041.147527750494,78.01979966699336,0.0,0.0,0.0,0.0,0.0,33.67920595036977,75.08600000001024,130.9350000010454,2.584548232939517,0.0,0.0,0.0,0.0,0.10777085671441712,0.13646981566610614,0.8200062548582203,35.67513040556568,0.03553938704136726,0.10154110583247575,0.02792848008753795,,0.26352999793880644,0.5996687265746384,22.014709420685623,0.18733237718788387,62.668516602763674,4.238913193962269,0.0,0.0,0.0,0.0,0.0,7.222050847826271,27.95938498838124,23.96435420464071,0.04600843031074997,0.0,0.0,0.0,0.0
B_plain_MPC,sensor_noise,5,10.843093251058432,4.883145666914888,29.172274880969155,700.4877914783627,35.06286697159055,8.510580017881626,1.556,0.018000000000000148,1.4052914506913563,2.305800305027023,4.027351884378918,2.7111369489879245,6671.716608701497,246.11647032903528,0.0,0.0,0.0,0.0,0.0,81.13606727255359,144.28251999925124,200.20173999801045,0.5468954883957011,0.0,0.0,0.0,0.0,0.014971009273032451,0.10081926531809007,0.6058922502465638,1.9502960386932435,1.3718352011244692e-12,1.3501465662772676,0.04615192303685736,0.026832815729997697,0.2356361324585371,0.33475757400360096,1.2493735058186386,0.6522953180466459,202.10257235737532,23.143602082754025,0.0,0.0,0.0,0.0,0.0,29.11401515638685,53.9630061992944,98.67864898695548,0.42377206877717144,0.0,0.0,0.0,0.0
B_plain_MPC,step_reference,5,7.067952116067398,3.771692219673766,22.567397696496716,298.23845247257884,20.062866971589205,4.422432811232049,0.77,0.77,7.067952116067398,22.567397696496716,298.23845247257884,20.062866971589205,7180.297519399692,166.27360766680835,0.0,0.0,0.0,0.0,0.0,68.80165471072158,124.0077199996449,153.2080599994515,0.35713256293402507,0.0,0.0,0.0,0.0,0.026110093930097143,0.03169984511891842,0.19023292449295978,2.223534502697492,4.719897452640404e-13,0.6250089406657527,0.1341640786499875,0.1341640786499875,0.026110093930097143,0.19023292449295978,2.223534502697492,4.719897452640404e-13,49.47593933283526,18.653328369621953,0.0,0.0,0.0,0.0,0.0,9.856686624916854,17.41729138329229,14.518155850561909,0.172066512154898,0.0,0.0,0.0,0.0
C_sensor_MPC,bias_15,5,10.811272485525773,4.546845226475389,27.151262368342977,696.3456189616907,35.06286697159158,8.438398486601901,1.558,0.0,0.3337800399416166,0.5933483412568874,0.2500270234421156,0.658998213100783,6183.3858201557905,114.41122113125725,0.0,0.0,0.0,0.0,0.0,61.92727074366686,118.89976000093156,159.91635999671416,0.3321763261612361,0.3420965058236273,0.0,0.0,0.0,0.005163925531493381,0.06127763759700217,0.36824054160653563,0.6710240708441532,4.843683108707224e-12,0.9554706509663812,0.03420526275297417,0.0,0.13226725534486683,0.2441621681875931,0.17723068360037667,0.25117356680112957,74.52527671218853,17.278629160436648,0.0,0.0,0.0,0.0,0.0,11.083546862329207,27.639420540657085,28.501193128808165,0.05580522765055726,0.0059529263960061436,0.0,0.0,0.0
C_sensor_MPC,bias_5,5,10.813005721577673,4.573795023637967,27.3123632100875,696.5708693781074,35.0628669715898,8.18551824832582,1.54,0.0,0.3994706010074688,0.6838047535490133,0.34283006196833776,0.8204458132254032,6242.437851480652,127.40985127110056,0.0,0.0,0.0,0.0,0.0,69.76461008293093,129.21343999914825,188.61290000204463,0.3807783714616747,0.3420965058236273,0.0,0.0,0.0,0.00901890939812291,0.042692374885461785,0.25671199793092453,1.1723086213897862,1.1271568550844135e-12,2.1166474450342014,0.08000000000000007,0.0,0.12452067136383864,0.23607805236085153,0.189889339307686,0.1832997465212067,67.6306427044582,16.433042258973913,0.0,0.0,0.0,0.0,0.0,24.38506258772843,41.632408694334025,85.1206420127478,0.1459708744487032,0.004176339566725855,0.0,0.0,0.0
C_sensor_MPC,changing_reference,5,7.21172208822526,4.258955240429907,25.49564097297328,310.5805478663944,20.109645655078655,36.257461353027914,0.7440000000000001,0.7440000000000001,7.21172208822526,25.49564097297328,310.5805478663944,20.109645655078655,6661.142691135232,220.18133337601884,0.0,0.0,0.0,0.0,0.0,58.66901851248349,114.8001400011708,142.48205999756465,1.7398294326231087,0.00033277870216306157,0.0,0.0,0.0,0.03799327785841557,0.05423959347418322,0.32601477127938605,3.2974707318998697,0.1046003161808491,1.3170862082486925,0.03507135583350019,0.03507135583350019,0.03799327785841557,0.32601477127938605,3.2974707318998697,0.1046003161808491,39.35799053177668,10.214244470548655,0.0,0.0,0.0,0.0,0.0,8.224251613046977,18.8954529160664,17.228876973280194,0.3199548766165757,0.000744115799500762,0.0,0.0,0.0
C_sensor_MPC,combined_fault_load,5,11.120051354170874,6.250417922104789,37.37117069172265,736.9739385754509,35.062866971592086,7.96678255972598,1.538,,3.696653960834648,10.890774258263507,41.063596229261584,4.6897273541196896,7802.836829810241,148.10005048011163,0.0,0.0,0.0,0.0,0.0,82.80670975223339,138.7937999999849,180.22517999925185,0.282686057237256,0.04559068219633943,0.0,0.0,0.0,0.005309085951398672,0.03984676979823143,0.23967004841562126,0.7097227404622445,4.107198233332915e-12,1.0675904061071102,0.04549725266430927,,0.030695663439100043,0.08372080995035319,0.6819906061787482,0.27955386787555253,78.3515681463778,15.649207759252114,0.0,0.0,0.0,0.0,0.0,16.591653090372787,24.111782719332716,43.755640561713214,0.13377820528620726,0.004007186215904257,0.0,0.0,0.0
C_sensor_MPC,load_disturbance,5,10.82477107253668,4.834551127852566,28.87680337889226,698.0980103242449,35.062866971588775,7.9564441191237405,1.542,0.054000000000000006,0.8694353535634655,2.4846362402949627,2.2740959785255503,1.6973349509091846,8378.316153761134,150.93103650061943,0.0,0.0,0.0,0.0,0.0,79.76747173542967,137.7639199985424,168.00016000051983,0.41557711638083816,0.00033277870216306157,0.0,0.0,0.0,0.006838530024589395,0.0621386760516881,0.3736298570878887,0.890309935642556,0.0,1.1025488439080902,0.03834057902536168,0.12074767078498866,0.027642789426957002,0.08506807282667832,0.14650032484840192,0.0981686083071181,107.1727549240485,17.193138403119665,0.0,0.0,0.0,0.0,0.0,18.55333688688834,31.627388301981068,47.51344861360417,0.10765126714290447,0.000744115799500762,0.0,0.0,0.0
C_sensor_MPC,nominal_tracking,5,10.807837868149747,4.4906741587186145,26.81341052839044,695.8992200281433,35.06286697159267,7.972037199288698,1.538,1.538,10.807837868149747,26.81341052839044,695.8992200281433,35.06286697159267,6211.317489483065,140.40175130363704,0.0,0.0,0.0,0.0,0.0,78.09804826451722,134.21616000123322,167.8342800005339,0.4946813888506284,0.0013311148086522463,0.0,0.0,0.0,0.0037893152298858436,0.04561984103176851,0.27433839701881085,0.4922177342668449,2.4266724897257443e-12,0.8173798794883309,0.029495762407505288,0.029495762407505288,0.0037893152298858436,0.27433839701881085,0.4922177342668449,2.4266724897257443e-12,75.93611824771865,13.5861323331283,0.0,0.0,0.0,0.0,0.0,13.810368789864789,16.08694688327795,28.614205390367328,0.24476383538943255,0.0013921131889086116,0.0,0.0,0.0
C_sensor_MPC,parameter_variation,5,10.821379057145048,4.792141012510154,28.622193992502694,697.6569707962832,35.062866971591625,8.546591159309372,1.56,0.0,0.6627840549786315,1.9555793821332041,1.3220056864624852,0.8893878648650684,7854.7668524558,142.87528995472206,0.0,0.0,0.0,0.0,0.0,85.04716561966977,145.26757999847177,180.9850199977518,0.33213326734752685,0.002329450915141431,0.0,0.0,0.0,0.0039937581477059335,0.048049471525929574,0.288622110661722,0.5192845158066305,3.2555847708149008e-12,0.3451752069780893,0.012247448713915868,0.0,0.03197597687144738,0.09584856676226831,0.1290797706923374,0.013560801112287127,74.68879383294367,11.236949880159916,0.0,0.0,0.0,0.0,0.0,13.288585244136938,24.699502503759195,54.733322010277426,0.10063728852885721,0.004338903431083293,0.0,0.0,0.0
C_sensor_MPC,sensor_drift,5,11.575913623240556,7.338220566986955,43.88317450226049,798.8292483268917,35.062866971590225,8.689207249348943,1.564,0.0,5.0659458877147765,17.501298642624736,102.51658673612428,8.906221066222923,5322.722048155023,147.48779714603526,0.0,0.0,0.0,0.0,0.0,85.43767537173626,140.47478000138653,182.95014000032097,2.386540982887598,0.004658901830282862,0.0,0.0,0.0,0.006967704760778231,0.04751879076527183,0.28554175688828654,0.9734354969184008,3.1311926205313858e-12,1.5488923054223305,0.052249401910452645,0.0,0.024980872634900012,0.13740426192255248,1.0258574494128685,0.11860264390127118,98.38576591413418,13.24699280230709,0.0,0.0,0.0,0.0,0.0,17.67785245164875,28.29526277605982,36.89936423801326,0.2551239983137231,0.005691391473040622,0.0,0.0,0.0
C_sensor_MPC,sensor_dropout,5,10.816511455636677,4.606211263525845,27.507886031537595,697.0265415316046,35.062866971588775,8.942188887916036,1.574,0.0,0.47110094147333925,0.8077162395468086,0.4901889133224057,1.006869345647263,6250.524622653791,129.28647779002284,0.0,0.0,0.0,0.0,0.0,61.678311404938555,122.21690000005765,150.11902000114787,0.33338081738499453,0.3410981697171381,0.0,0.0,0.0,0.00458535983113221,0.06964019548311355,0.41853779049868145,0.5962753041436185,0.0,0.8015971724393531,0.02792848008753795,0.0,0.17288324895455648,0.37394312144062036,0.3434226632648863,0.297853391374941,52.806276615563895,16.29937303854123,0.0,0.0,0.0,0.0,0.0,7.189970006876824,17.026385270576093,25.46780678895947,0.05252993695234036,0.00235310076933961,0.0,0.0,0.0
C_sensor_MPC,sensor_noise,5,10.820795096137962,4.704085989646457,28.096157106167635,697.5836954118361,35.06286697159055,8.40781865398422,1.556,0.0,0.6050125534545315,0.9994792356315262,0.8287444953650406,1.2364164928570829,6220.233466367475,126.79735885851933,0.0,0.0,0.0,0.0,0.0,74.21924727276152,139.66742000047816,181.3056200000574,0.630460960918704,0.4086522462562396,0.0,0.0,0.0,0.006691434242502841,0.13801673827893565,0.8297467485098038,0.8703396902177342,1.3718352011244692e-12,1.3234631318511851,0.04615192303685736,0.0,0.25040524223664573,0.43858315665488345,0.663205307568181,0.4956263547346734,67.08658257378232,13.570274791383001,0.0,0.0,0.0,0.0,0.0,25.983835416152427,49.50424155112948,75.38223305432456,0.48659915700585377,0.08775046891456752,0.0,0.0,0.0
C_sensor_MPC,step_reference,5,7.067956164902746,3.7721436267160646,22.57007596832049,298.23879215692915,20.062866971589205,4.422432811232049,0.77,0.77,7.067956164902746,22.57007596832049,298.23879215692915,20.062866971589205,7181.2142483744665,166.2519618082305,0.0,0.0,0.0,0.0,0.0,69.86488677685875,127.09317999979248,154.17864000046393,0.352805827340471,0.0009983361064891847,0.0,0.0,0.0,0.026108968575746263,0.03173501912103855,0.19043847337080075,2.223440921409035,4.719897452640404e-13,0.6250089406657527,0.1341640786499875,0.1341640786499875,0.026108968575746263,0.19043847337080075,2.223440921409035,4.719897452640404e-13,49.83660955088628,17.50870505290936,0.0,0.0,0.0,0.0,0.0,7.726596349733817,14.404314209445015,21.615293246290403,0.1657830301744201,0.0009113520091600102,0.0,0.0,0.0
D_adaptive,bias_15,5,10.833933843264685,4.662843738329232,27.84839552414469,699.2938252441716,35.06286697159158,11.701433773266709,1.748,0.0,0.43183173728198804,0.6731066610055293,0.39261962000847644,1.225366349011209,6308.174623174165,119.25042148087175,0.0,0.0,0.0,0.0,0.0,61.62128214871565,114.20481999812182,140.91059999918798,0.3325678669736945,0.3420965058236273,0.0632279534109817,0.004658901830282862,0.0,0.00880437588838491,0.04926614546545658,0.29617709258665326,1.1465684366105418,4.843683108707224e-12,0.8035271108217854,0.19740820651634527,0.0,0.1344360792799139,0.14996595581344535,0.2547096939130436,0.6427339178700774,80.63440355791042,11.077867496241883,0.0,0.0,0.0,0.0,0.0,14.758181280332366,25.287500826345273,20.271922163965638,0.05185990614321269,0.0059529263960061436,0.06522165431786901,0.005442737848185067,0.0
D_adaptive,bias_5,5,10.867118411885208,4.8120352231126216,28.744205907308167,703.6295604186068,35.0628669715898,14.35851318776838,1.8960000000000001,0.0,0.6634997667624647,1.0399294930044731,1.1587170232462085,1.637411220486689,6483.1582650569,132.14530924706165,0.0,0.0,0.0,0.0,0.0,66.24789900836257,123.87871999962954,157.03342000051634,0.3732354369300765,0.3420965058236273,0.13677204658901831,0.015640599001663893,0.0,0.041622488045826855,0.21895178701768755,1.3161894001444663,5.447435545176304,1.1271568550844135e-12,2.5766891652833706,0.2638749703931769,0.0,0.4247518255732301,0.8039158184755929,1.593292179015358,0.5727852568010094,208.78023562114635,15.095321241613455,0.0,0.0,0.0,0.0,0.0,16.47180603676703,20.881498902986518,19.08851630247965,0.13770626917277473,0.004176339566725855,0.19477293239161209,0.017355613724333172,0.0
D_adaptive,changing_reference,5,7.216514932656461,4.290395526456495,25.68441597768939,310.99518268118265,20.109645655078655,36.257461353027914,0.8580000000000002,0.8580000000000002,7.216514932656461,25.68441597768939,310.99518268118265,20.109645655078655,6685.301027109611,220.0767731651374,0.0,0.0,0.0,0.0,0.0,63.41186760326324,130.4284199984977,165.32098000170663,2.1274177337336817,0.00033277870216306157,0.06921797004991681,0.013976705490848585,0.0,0.03549961436277121,0.08034885282924677,0.48256799958319846,3.0812118195292544,0.1046003161808491,1.3170862082486925,0.26602631448787156,0.26602631448787156,0.03549961436277121,0.48256799958319846,3.0812118195292544,0.1046003161808491,53.37236909010361,10.387446494803475,0.0,0.0,0.0,0.0,0.0,9.324872256881358,21.23971421290256,22.164485107192657,0.8919798358475668,0.000744115799500762,0.09619405720172353,0.00650835514662494,0.0
D_adaptive,combined_fault_load,5,11.153695063522267,6.430816823707853,38.45522018251605,741.4804668905065,35.062866971592086,11.821915140426938,1.83,,3.7177533445549855,10.919972482122397,41.54283531872175,4.783657234495815,7969.9803737537,148.60161561937463,0.0,0.0,0.0,0.0,0.0,79.78199718999657,139.8990399989998,177.15980000066338,0.2910887270224592,0.043926788685524125,0.1930116472545757,0.007653910149750416,0.0,0.02903492467625517,0.10784831377404408,0.6481887315326533,3.8969060869683805,4.107198233332915e-12,2.4198891255982726,0.20988091861815342,,0.06997641394259245,0.1418396039540935,1.5834609480697694,0.5202628909910848,137.89399372047356,13.130424928024835,0.0,0.0,0.0,0.0,0.0,15.996995938172924,27.19238005912658,33.6243423841355,0.1792352654671269,0.004338903431083292,0.12503581287689977,0.010497045121855245,0.0
D_adaptive,load_disturbance,5,10.86834341845209,5.053588157860695,30.19326808628291,703.7821161585005,35.062866971588775,13.30192173675269,1.78,0.07199999999999998,0.8859740835880061,2.5121837556096875,2.3627578853376603,1.7712929897481984,8565.275987004115,149.64696670532038,0.0,0.0,0.0,0.0,0.0,79.89953173557055,141.61928000248736,175.73966000054497,0.4097834053182467,0.0006655574043261231,0.1966722129783694,0.013643926788685524,0.0,0.026849441149009428,0.12364125170826182,0.74294452045148,3.5076608707724697,0.0,2.7358727047135303,0.22124646889837593,0.16099689437998482,0.035389978372494586,0.08569970337424797,0.1932145446192058,0.1530495825408031,121.71640677633786,14.25072618377424,0.0,0.0,0.0,0.0,0.0,19.892526281053218,36.1694729591962,39.19167438669357,0.12746877733626485,0.0009113520091600101,0.08671743040224547,0.010615066827112532,0.0
D_adaptive,nominal_tracking,5,10.83227375241986,4.639589859289658,27.70835654938744,699.0774639530673,35.06286697159267,11.537049735503425,1.666,1.666,10.83227375241986,27.70835654938744,699.0774639530673,35.06286697159267,6382.663073695293,151.4503422114834,0.0,0.0,0.0,0.0,0.0,72.37891206601519,128.4877799989772,154.10201999911806,0.4879465617753155,0.0013311148086522463,0.04459234608985025,0.005657237936772046,0.0,0.0073484209537674275,0.03634454008896159,0.21806646245270617,0.9567503558608229,2.4266724897257443e-12,1.176367871076521,0.02880972058177584,0.02880972058177584,0.0073484209537674275,0.21806646245270617,0.9567503558608229,2.4266724897257443e-12,95.524191590174,9.202253574254145,0.0,0.0,0.0,0.0,0.0,14.643902653315239,31.5173599250121,35.288864321335815,0.24812139529509322,0.0013921131889086116,0.02354277025733643,0.005593256676862433,0.0
D_adaptive,parameter_variation,5,10.856019673380596,4.9480228951925325,29.5590570671777,702.1718368631018,35.062866971591625,13.037083865538913,1.778,0.0,0.6675001801378218,1.9602583307343733,1.3414094968109826,0.892130712601535,7956.369838409101,136.26341915137175,0.0,0.0,0.0,0.0,0.0,84.2795300825878,143.61416000174358,171.4910400012741,0.33232371432102636,0.002329450915141431,0.17038269550748752,0.014309484193011646,0.0,0.019955729243558654,0.07942736832032925,0.4769968273341736,2.604403152475132,3.2555847708149008e-12,1.990519946255034,0.18673510650116118,0.0,0.03463562882214837,0.10370726395206271,0.14113864026304734,0.016468572883293432,50.570639237063546,5.129659218444512,0.0,0.0,0.0,0.0,0.0,14.361289928098053,22.965481161081676,28.83063426446393,0.10582862898000785,0.004338903431083293,0.12338418308030694,0.014293997733720152,0.0
D_adaptive,sensor_drift,5,11.595257153828351,7.440446263617565,44.49759823720924,801.5242588929696,35.062866971590225,11.440105121531941,1.7260000000000002,0.0060000000000000496,5.074222646162662,17.603362193234386,102.84733352120004,8.896761426466233,5460.718177447619,151.52943306884177,0.0,0.0,0.0,0.0,0.0,85.6639647933564,143.25067999889143,175.2996000010171,2.385842553789833,0.004658901830282862,0.12845257903494176,0.0029950083194675544,0.0,0.011661429366436228,0.05847564706430124,0.3515576390290879,1.6267921413044248,3.1311926205313858e-12,1.4780346676542868,0.17386776584519634,0.013416407864998849,0.021474937830424045,0.17411588982368306,0.8833541376794035,0.12628094802236484,102.19523881022212,12.526815461274674,0.0,0.0,0.0,0.0,0.0,19.894686281067465,29.848931075751644,33.78707076346906,0.2568417227465825,0.005691391473040622,0.09519448731575231,0.004143061430279112,0.0
D_adaptive,sensor_dropout,5,10.864868759840245,4.853701646111207,28.995355786902813,703.3306022282959,35.062866971588775,13.555887899547653,2.084,0.0,0.8869921333145241,1.342595314587888,1.821597839683696,2.1564001331550564,6548.737910488837,142.10558779953197,0.0,0.0,0.0,0.0,0.0,61.545054710442244,118.07697999756783,160.82962000073167,0.3234926745482142,0.3410981697171381,0.24226289517470878,0.01264559068219634,0.0,0.024783363992146534,0.16977907174636053,1.0205394149177676,3.2344125184150174,0.0,2.2518652257962035,0.4086930388445587,0.0,0.41007873173803217,0.7187972811187793,1.54696481432143,0.7994038155368682,211.06371534624193,17.48875279304936,0.0,0.0,0.0,0.0,0.0,4.134041891147939,15.001161432952193,44.062662867444395,0.07180803269084539,0.00235310076933961,0.24801670946119667,0.010162017627023274,0.0
D_adaptive,sensor_noise,5,10.854636720864843,4.865318846501693,29.065087870064794,701.9971716508655,35.06286697159055,12.383392461282618,1.6800000000000002,0.0,0.8439675063117532,1.4741573519349243,1.65421619266055,1.6376745356932774,6407.861314152253,133.4924337562439,0.0,0.0,0.0,0.0,0.0,72.48086644644937,137.69054000003962,190.0815999993938,0.41945418742453455,0.3687188019966722,0.07088186356073212,0.008985024958402662,0.0,0.032802761293934654,0.1752879033903922,1.0536890938161532,4.2818470705627965,1.3718352011244692e-12,3.1196628056196163,0.08717797887081344,0.0,0.38463765611462963,0.6858615505892768,1.3111716386138679,0.8386006301596259,206.61806254891658,21.354240908679404,0.0,0.0,0.0,0.0,0.0,19.707593437744677,30.973844092860187,66.13133336029463,0.2477500286494592,0.056236154626674265,0.061660669801237224,0.012649968591512954,0.0
D_adaptive,step_reference,5,7.067964521655929,3.772599374796087,22.57286471698186,298.2395092816005,20.062866971589205,4.422432811232049,0.77,0.77,7.067964521655929,22.57286471698186,298.2395092816005,20.062866971589205,7181.126122832216,164.62142901288078,0.0,0.0,0.0,0.0,0.0,69.53227933869536,130.5754800021532,161.05742000072496,0.35197558530046963,0.0009983361064891847,0.08585690515806989,0.0013311148086522463,0.0,0.026107874890321195,0.031636674243761216,0.1898780660347088,2.2233483676717256,4.719897452640404e-13,0.6250089406657527,0.1341640786499875,0.1341640786499875,0.026107874890321195,0.1898780660347088,2.2233483676717256,4.719897452640404e-13,49.95723129050916,16.266079295041795,0.0,0.0,0.0,0.0,0.0,10.184300124559666,19.075528752613508,35.687131912221744,0.17667164004203326,0.0009113520091600102,0.059151355804057545,0.0013921131889086116,0.0
